"replicate","timeStep","resource1amount","resource2amount","prey1PopulationSize","prey2PopulationSize","prey1catches","prey2catches","predator1PopulationSize","prey1growthRate","prey2growthRate","predatorGrowthRate"
1,0,62500,125000,100,0,0,0,0,0,0,0
1,10,57452,125000,103,0,0,0,0,3,0,0
1,20,57244,125000,138,0,0,0,0,33.9805825242718,0,0
1,30,55456,125000,212,0,0,0,0,53.6231884057971,0,0
1,40,51995,125000,322,0,0,0,0,51.8867924528302,0,0
1,50,46375,125000,428,0,0,0,0,32.9192546583851,0,0
1,60,41153,125000,603,0,0,0,0,40.8878504672897,0,0
1,70,32566,125000,853,0,0,0,0,41.4593698175788,0,0
1,80,21865,125000,1167,0,0,0,0,36.8112543962485,0,0
1,90,12126,125000,1423,0,0,0,0,21.936589545844,0,0
1,100,6125,125000,1537,0,0,0,0,8.01124385101897,0,0
1,110,3630,125000,1663,0,0,0,0,8.19778789850358,0,0
1,120,2505,125000,1704,0,0,0,0,2.46542393265183,0,0
1,130,2630,125000,1695,0,0,0,0,-0.528169014084507,0,0
1,140,2441,125000,1674,0,0,0,0,-1.23893805309735,0,0
1,150,2801,125000,1623,0,0,0,0,-3.04659498207885,0,0
1,160,2809,125000,1702,0,0,0,0,4.8675292667899,0,0
1,170,2620,125000,1604,0,0,0,0,-5.75793184488837,0,0
1,180,3346,125000,1598,0,0,0,0,-0.374064837905237,0,0
1,190,4218,125000,1656,0,0,0,0,3.62953692115144,0,0
1,200,2497,125000,1639,0,0,0,0,-1.02657004830918,0,0
1,210,3884,125000,1507,0,20,0,39,-8.05369127516779,0,0
1,220,5379,125000,1544,0,6,0,21,2.45520902455209,0,-46.1538461538462
1,230,4360,125000,1587,0,7,0,15,2.78497409326425,0,-28.5714285714286
1,240,3821,125000,1577,0,1,0,12,-0.630119722747322,0,-20
1,250,3851,125000,1623,0,3,0,10,2.91693088142042,0,-16.6666666666667
1,260,3267,125000,1629,0,4,0,7,0.369685767097967,0,-30
1,270,2895,125000,1655,0,1,0,8,1.59607120933088,0,14.2857142857143
1,280,3145,125000,1623,0,3,0,4,-1.93353474320242,0,-50
1,290,3378,125000,1643,0,2,0,2,1.23228589032656,0,-50
1,300,2579,125000,1625,0,0,0,1,-1.09555690809495,0,-50
1,310,3127,125000,1667,0,0,0,2,2.58461538461538,0,100
1,320,2987,125000,1633,0,2,0,2,-2.03959208158368,0,0
1,330,2896,125000,1671,0,1,0,2,2.32700551132884,0,0
1,340,2772,125000,1676,0,2,0,1,0.299222022740874,0,-50
1,350,2553,125000,1641,0,0,0,1,-2.08830548926014,0,0
1,360,2600,125000,1656,0,1,0,1,0.914076782449726,0,0
1,370,3038,125000,1652,0,0,0,2,-0.241545893719807,0,100
1,380,3165,125000,1640,0,0,0,1,-0.726392251815981,0,-50
1,390,3053,125000,1593,0,1,0,1,-2.86585365853659,0,0
1,400,3260,125000,1669,0,1,0,1,4.77087256748274,0,0
1,410,3246,119861,1665,109,0,0,0,-0.239664469742361,0,-100
1,420,2132,119571,1660,247,0,0,0,-0.3003003003003,126.605504587156,0
1,430,2794,112797,1626,401,0,0,0,-2.04819277108434,62.3481781376518,0
1,440,3160,104856,1677,761,0,0,0,3.13653136531365,89.7755610972569,0
1,450,2392,87312,1646,1355,0,0,0,-1.84853905784138,78.0551905387648,0
1,460,2561,58138,1648,2337,0,0,0,0.121506682867558,72.4723247232472,0
1,470,2974,20883,1644,3423,0,0,0,-0.242718446601942,46.4698331193838,0
1,480,2943,2796,1659,3544,0,0,0,0.912408759124088,3.53491089687409,0
1,490,2634,1500,1674,3420,0,0,0,0.904159132007233,-3.49887133182844,0
1,500,3327,2429,1629,3494,0,0,0,-2.68817204301075,2.16374269005848,0
1,510,2514,1454,1676,3701,0,0,0,2.88520564763659,5.92444190040069,0
1,520,2884,1843,1636,3403,0,0,0,-2.38663484486873,-8.05187787084572,0
1,530,3286,1778,1629,3749,0,0,0,-0.427872860635697,10.1674992653541,0
1,540,2951,1337,1641,3361,0,0,0,0.736648250460405,-10.349426513737,0
1,550,3337,2281,1620,3567,0,0,0,-1.27970749542962,6.12912823564415,0
1,560,3586,1979,1656,3563,0,0,0,2.22222222222222,-0.112139052425007,0
1,570,2528,1603,1644,3525,0,0,0,-0.72463768115942,-1.06651698007297,0
1,580,3318,1575,1670,3626,0,0,0,1.58150851581509,2.86524822695035,0
1,590,2706,846,1638,3563,0,0,0,-1.91616766467066,-1.73745173745174,0
1,600,2352,1480,1666,3483,0,0,0,1.70940170940171,-2.24529890541678,0
1,610,2815,1748,1671,3575,0,0,0,0.300120048019208,2.64140109101349,0
1,620,3148,1425,1591,3523,0,0,0,-4.78755236385398,-1.45454545454545,0
1,630,3509,1871,1663,3499,0,0,0,4.52545568824639,-0.681237581606585,0
1,640,2789,1676,1631,3660,0,0,0,-1.92423331328924,4.60131466133181,0
1,650,3226,1322,1670,3491,0,0,0,2.39117106069896,-4.61748633879781,0
1,660,2435,1940,1654,3487,0,0,0,-0.958083832335329,-0.114580349470066,0
1,670,3294,1628,1581,3715,0,0,0,-4.41354292623942,6.53857183825638,0
1,680,3899,826,1623,3393,0,0,0,2.65654648956357,-8.66756393001346,0
1,690,3562,2075,1653,3617,0,0,0,1.84842883548983,6.60182729148246,0
1,700,3166,1395,1659,3594,0,0,0,0.362976406533575,-0.635886093447608,0
1,710,2792,1219,1698,3435,0,0,0,2.35081374321881,-4.42404006677796,0
1,720,2954,2290,1601,3748,0,0,0,-5.71260306242638,9.11208151382824,0
1,730,3033,1505,1660,3340,0,0,0,3.68519675202998,-10.8858057630736,0
1,740,3039,3079,1651,3689,0,0,0,-0.542168674698795,10.4491017964072,0
1,750,3361,1624,1641,3355,0,0,0,-0.605693519079346,-9.05394415830848,0
1,760,2646,3048,1668,3692,0,0,0,1.64533820840951,10.0447093889717,0
1,770,3140,1310,1660,3410,0,0,0,-0.479616306954436,-7.63813651137595,0
1,780,2503,3527,1638,3511,0,0,0,-1.32530120481928,2.96187683284457,0
1,790,3456,1588,1653,3645,0,0,0,0.915750915750916,3.81657647393905,0
1,800,3108,1202,1662,3519,0,0,0,0.544464609800363,-3.45679012345679,0
1,810,2671,1957,1640,3494,0,0,0,-1.323706377858,-0.710429099175902,0
1,820,2840,1685,1644,3639,0,0,0,0.24390243902439,4.14997137950773,0
1,830,2424,1461,1667,3591,0,0,0,1.39902676399027,-1.31904369332234,0
1,840,2543,1402,1698,3489,0,0,0,1.85962807438512,-2.84043441938179,0
1,850,3260,1726,1618,3486,0,0,0,-4.71142520612485,-0.0859845227858985,0
1,860,3243,1577,1628,3652,0,0,0,0.618046971569839,4.76190476190476,0
1,870,3330,920,1640,3554,0,0,0,0.737100737100737,-2.68346111719606,0
1,880,3066,2211,1649,3517,0,0,0,0.548780487804878,-1.04108047270681,0
1,890,2998,1970,1635,3540,0,0,0,-0.848999393571862,0.65396644867785,0
1,900,3064,2007,1605,3430,0,0,0,-1.8348623853211,-3.10734463276836,0
1,910,3258,1889,1662,3707,0,0,0,3.55140186915888,8.07580174927114,0
1,920,2795,989,1667,3490,0,0,0,0.300842358604091,-5.85379012678716,0
1,930,2744,2255,1610,3503,0,0,0,-3.41931613677265,0.372492836676218,0
1,940,3091,1507,1670,3573,0,0,0,3.72670807453416,1.99828718241507,0
1,950,2522,1981,1656,3526,0,0,0,-0.838323353293413,-1.31542121466555,0
1,960,2815,1481,1674,3575,0,0,0,1.08695652173913,1.38967668746455,0
1,970,3081,1448,1644,3593,0,0,0,-1.7921146953405,0.503496503496504,0
1,980,2927,1451,1647,3479,0,0,0,0.182481751824818,-3.17283607013638,0
1,990,3248,2259,1621,3546,0,0,0,-1.578627808136,1.92584075883875,0
1,1000,3218,1731,1624,3592,0,0,0,0.185070943861814,1.29723632261703,0
2,0,62500,125000,100,0,0,0,0,0,0,0
2,10,57450,125000,108,0,0,0,0,8,0,0
2,20,57161,125000,148,0,0,0,0,37.037037037037,0,0
2,30,55171,125000,190,0,0,0,0,28.3783783783784,0,0
2,40,52963,125000,279,0,0,0,0,46.8421052631579,0,0
2,50,48559,125000,389,0,0,0,0,39.426523297491,0,0
2,60,42979,125000,539,0,0,0,0,38.560411311054,0,0
2,70,35241,125000,792,0,0,0,0,46.9387755102041,0,0
2,80,24494,125000,1071,0,0,0,0,35.2272727272727,0,0
2,90,14282,125000,1383,0,0,0,0,29.1316526610644,0,0
2,100,5939,125000,1564,0,0,0,0,13.0874909616775,0,0
2,110,3800,125000,1644,0,0,0,0,5.1150895140665,0,0
2,120,2788,125000,1702,0,0,0,0,3.52798053527981,0,0
2,130,2565,125000,1700,0,0,0,0,-0.117508813160987,0,0
2,140,2488,125000,1599,0,0,0,0,-5.94117647058824,0,0
2,150,3353,125000,1652,0,0,0,0,3.31457160725453,0,0
2,160,2835,125000,1669,0,0,0,0,1.02905569007264,0,0
2,170,3308,125000,1635,0,0,0,0,-2.03714799281007,0,0
2,180,2858,125000,1681,0,0,0,0,2.81345565749235,0,0
2,190,2334,125000,1668,0,0,0,0,-0.773349196906603,0,0
2,200,2557,125000,1625,0,0,0,0,-2.5779376498801,0,0
2,210,4562,125000,1482,0,16,0,36,-8.8,0,0
2,220,4569,125000,1536,0,10,0,21,3.64372469635628,0,-41.6666666666667
2,230,4084,125000,1579,0,5,0,17,2.79947916666667,0,-19.047619047619
2,240,4176,125000,1620,0,6,0,14,2.5965801139962,0,-17.6470588235294
2,250,2795,125000,1680,0,1,0,9,3.7037037037037,0,-35.7142857142857
2,260,2604,125000,1661,0,1,0,6,-1.13095238095238,0,-33.3333333333333
2,270,3049,125000,1610,0,1,0,5,-3.07043949428055,0,-16.6666666666667
2,280,3399,125000,1621,0,1,0,4,0.683229813664596,0,-20
2,290,2935,125000,1627,0,1,0,3,0.370141887723627,0,-25
2,300,2935,125000,1695,0,0,0,2,4.17947141979103,0,-33.3333333333333
2,310,2348,125000,1608,0,1,0,2,-5.13274336283186,0,0
2,320,2899,125000,1639,0,1,0,2,1.92786069651741,0,0
2,330,2848,125000,1655,0,1,0,4,0.976205003050641,0,100
2,340,3079,125000,1647,0,0,0,2,-0.483383685800604,0,-50
2,350,2620,125000,1660,0,1,0,0,0.789313904068002,0,-100
2,360,2884,125000,1643,0,0,0,0,-1.02409638554217,0,0
2,370,2686,125000,1678,0,0,0,0,2.13024954351796,0,0
2,380,2846,125000,1621,0,0,0,0,-3.3969010727056,0,0
2,390,2837,125000,1612,0,0,0,0,-0.555212831585441,0,0
2,400,2974,125000,1674,0,0,0,0,3.84615384615385,0,0
2,410,2488,120121,1628,103,0,0,0,-2.7479091995221,0,0
2,420,2729,119690,1691,217,0,0,0,3.86977886977887,110.679611650485,0
2,430,2177,113792,1672,417,0,0,0,-1.12359550561798,92.1658986175115,0
2,440,2569,104333,1646,695,0,0,0,-1.55502392344498,66.6666666666667,0
2,450,3163,89965,1639,1326,0,0,0,-0.425273390036452,90.7913669064748,0
2,460,3028,58517,1601,2346,0,0,0,-2.31848688224527,76.9230769230769,0
2,470,2615,21786,1671,3441,0,0,0,4.37226733291693,46.6751918158568,0
2,480,2953,3191,1646,3387,0,0,0,-1.49611011370437,-1.5693112467306,0
2,490,3199,2051,1625,3547,0,0,0,-1.27582017010936,4.7239444936522,0
2,500,2647,2000,1697,3494,0,0,0,4.43076923076923,-1.49422046800113,0
2,510,2101,2110,1664,3610,0,0,0,-1.94460813199764,3.31997710360618,0
2,520,2494,1340,1668,3505,0,0,0,0.240384615384615,-2.90858725761773,0
2,530,2681,1561,1649,3576,0,0,0,-1.13908872901679,2.02567760342368,0
2,540,2375,1963,1641,3529,0,0,0,-0.485142510612492,-1.31431767337808,0
2,550,2692,1178,1660,3500,0,0,0,1.15783059110299,-0.821762538962879,0
2,560,2498,1689,1673,3610,0,0,0,0.783132530120482,3.14285714285714,0
2,570,2561,1710,1648,3521,0,0,0,-1.49432157800359,-2.46537396121884,0
2,580,2647,1867,1641,3666,0,0,0,-0.424757281553398,4.11814825333712,0
2,590,3031,1343,1683,3401,0,0,0,2.55941499085923,-7.22858701582106,0
2,600,2327,2805,1668,3598,0,0,0,-0.89126559714795,5.79241399588356,0
2,610,2513,1459,1635,3593,0,0,0,-1.97841726618705,-0.138966092273485,0
2,620,2665,1229,1655,3577,0,0,0,1.22324159021407,-0.445310325633176,0
2,630,2991,2093,1685,3455,0,0,0,1.81268882175227,-3.41067934022924,0
2,640,2618,2091,1615,3586,0,0,0,-4.15430267062315,3.79160636758321,0
2,650,2736,1618,1633,3474,0,0,0,1.11455108359133,-3.12325711098717,0
2,660,2948,2356,1650,3606,0,0,0,1.04102878138396,3.79965457685665,0
2,670,2688,1307,1666,3518,0,0,0,0.96969696969697,-2.44037714919578,0
2,680,2597,1439,1668,3635,0,0,0,0.120048019207683,3.32575326890279,0
2,690,3006,1271,1636,3506,0,0,0,-1.91846522781775,-3.54883081155433,0
2,700,3163,1953,1636,3488,0,0,0,0,-0.513405590416429,0
2,710,2737,1973,1674,3653,0,0,0,2.32273838630807,4.73050458715596,0
2,720,2373,1286,1651,3498,0,0,0,-1.37395459976105,-4.24308787298111,0
2,730,2720,1296,1631,3562,0,0,0,-1.21138703815869,1.82961692395655,0
2,740,2910,1772,1622,3595,0,0,0,-0.551808706315144,0.926445816956766,0
2,750,3072,1991,1668,3407,0,0,0,2.83600493218249,-5.22948539638387,0
2,760,2535,2979,1637,3613,0,0,0,-1.85851318944844,6.04637511006751,0
2,770,2931,1587,1659,3496,0,0,0,1.34392180818571,-3.23830611680044,0
2,780,2896,1519,1644,3630,0,0,0,-0.904159132007233,3.83295194508009,0
2,790,2843,1411,1624,3446,0,0,0,-1.21654501216545,-5.06887052341598,0
2,800,3111,2353,1650,3532,0,0,0,1.60098522167488,2.49564712710389,0
2,810,3403,1973,1684,3597,0,0,0,2.06060606060606,1.84031710079275,0
2,820,3024,1585,1607,3564,0,0,0,-4.57244655581948,-0.917431192660551,0
2,830,2752,1659,1642,3459,0,0,0,2.17797137523335,-2.94612794612795,0
2,840,3241,1680,1662,3616,0,0,0,1.21802679658953,4.53888407054062,0
2,850,2751,1267,1674,3494,0,0,0,0.72202166064982,-3.37389380530973,0
2,860,2531,1620,1645,3595,0,0,0,-1.73237753882915,2.89066971951918,0
2,870,2862,1814,1596,3486,0,0,0,-2.97872340425532,-3.03198887343533,0
2,880,3187,1908,1656,3556,0,0,0,3.7593984962406,2.00803212851406,0
2,890,2777,1943,1698,3645,0,0,0,2.53623188405797,2.50281214848144,0
2,900,2798,942,1640,3426,0,0,0,-3.41578327444052,-6.0082304526749,0
2,910,2891,2467,1635,3637,0,0,0,-0.304878048780488,6.15878575598365,0
2,920,2965,1081,1642,3451,0,0,0,0.428134556574924,-5.11410503161947,0
2,930,2850,1989,1712,3710,0,0,0,4.26309378806334,7.50507099391481,0
2,940,2862,1522,1590,3388,0,0,0,-7.12616822429907,-8.67924528301887,0
2,950,3480,2414,1663,3552,0,0,0,4.59119496855346,4.84061393152302,0
2,960,2587,1948,1652,3412,0,0,0,-0.661455201443175,-3.94144144144144,0
2,970,3099,2233,1618,3759,0,0,0,-2.05811138014528,10.1699882766706,0
2,980,4071,947,1625,3347,0,0,0,0.432632880098888,-10.9603617983506,0
2,990,2904,2881,1663,3714,0,0,0,2.33846153846154,10.9650433223782,0
2,1000,3007,1515,1633,3441,0,0,0,-1.80396873120866,-7.35056542810985,0
3,0,62500,125000,100,0,0,0,0,0,0,0
3,10,57388,125000,108,0,0,0,0,8,0,0
3,20,57241,125000,153,0,0,0,0,41.6666666666667,0,0
3,30,54998,125000,204,0,0,0,0,33.3333333333333,0,0
3,40,52486,125000,285,0,0,0,0,39.7058823529412,0,0
3,50,48507,125000,406,0,0,0,0,42.4561403508772,0,0
3,60,42241,125000,581,0,0,0,0,43.1034482758621,0,0
3,70,33887,125000,782,0,0,0,0,34.5955249569707,0,0
3,80,24755,125000,1088,0,0,0,0,39.1304347826087,0,0
3,90,13578,125000,1380,0,0,0,0,26.8382352941176,0,0
3,100,6824,125000,1562,0,0,0,0,13.1884057971014,0,0
3,110,4449,125000,1634,0,0,0,0,4.60947503201024,0,0
3,120,2651,125000,1700,0,0,0,0,4.03916768665851,0,0
3,130,3067,125000,1629,0,0,0,0,-4.17647058823529,0,0
3,140,3176,125000,1622,0,0,0,0,-0.429711479435236,0,0
3,150,3357,125000,1645,0,0,0,0,1.41800246609125,0,0
3,160,2811,125000,1677,0,0,0,0,1.94528875379939,0,0
3,170,2959,125000,1611,0,0,0,0,-3.93559928443649,0,0
3,180,3010,125000,1667,0,0,0,0,3.47610180012415,0,0
3,190,3123,125000,1624,0,0,0,0,-2.57948410317936,0,0
3,200,2844,125000,1666,0,0,0,0,2.58620689655172,0,0
3,210,3607,125000,1509,0,19,0,40,-9.42376950780312,0,0
3,220,4643,125000,1552,0,11,0,22,2.84956925115971,0,-45
3,230,4595,125000,1595,0,5,0,11,2.77061855670103,0,-50
3,240,3214,125000,1647,0,2,0,8,3.26018808777429,0,-27.2727272727273
3,250,3167,125000,1624,0,2,0,6,-1.39647844565877,0,-25
3,260,2860,125000,1716,0,1,0,3,5.66502463054187,0,-50
3,270,2296,125000,1641,0,0,0,2,-4.37062937062937,0,-33.3333333333333
3,280,3144,125000,1630,0,1,0,3,-0.670322973796466,0,50
3,290,2846,125000,1604,0,1,0,2,-1.59509202453988,0,-33.3333333333333
3,300,3606,125000,1649,0,0,0,2,2.80548628428928,0,0
3,310,2743,125000,1649,0,0,0,1,0,0,-50
3,320,3266,125000,1641,0,0,0,1,-0.485142510612492,0,0
3,330,3425,125000,1586,0,0,0,0,-3.35161486898233,0,-100
3,340,3454,125000,1655,0,0,0,0,4.35056746532156,0,0
3,350,2673,125000,1693,0,0,0,0,2.29607250755287,0,0
3,360,2568,125000,1690,0,0,0,0,-0.177200236266982,0,0
3,370,2976,125000,1602,0,0,0,0,-5.20710059171598,0,0
3,380,3041,125000,1638,0,0,0,0,2.24719101123596,0,0
3,390,2896,125000,1645,0,0,0,0,0.427350427350427,0,0
3,400,2620,125000,1596,0,0,0,0,-2.97872340425532,0,0
3,410,3425,120098,1681,96,0,0,0,5.32581453634085,0,0
3,420,2498,120416,1679,189,0,0,0,-0.118976799524093,96.875,0
3,430,2365,115604,1668,321,0,0,0,-0.655151876116736,69.8412698412698,0
3,440,2776,109209,1604,576,0,0,0,-3.83693045563549,79.4392523364486,0
3,450,3717,96041,1627,1054,0,0,0,1.43391521197007,82.9861111111111,0
3,460,3107,72327,1656,1804,0,0,0,1.78242163491088,71.157495256167,0
3,470,2793,38290,1662,3125,0,0,0,0.36231884057971,73.2261640798226,0
3,480,2439,5337,1660,3588,0,0,0,-0.120336943441637,14.816,0
3,490,2599,1639,1668,3369,0,0,0,0.481927710843373,-6.10367892976589,0
3,500,2302,2304,1653,3570,0,0,0,-0.899280575539568,5.96616206589492,0
3,510,2525,1775,1632,3554,0,0,0,-1.27041742286751,-0.448179271708683,0
3,520,2884,1678,1664,3578,0,0,0,1.96078431372549,0.675295441755768,0
3,530,3057,1504,1647,3483,0,0,0,-1.02163461538462,-2.65511458915595,0
3,540,2969,1370,1633,3625,0,0,0,-0.85003035822708,4.07694516221648,0
3,550,3051,1464,1650,3492,0,0,0,1.04102878138396,-3.66896551724138,0
3,560,2597,1336,1667,3593,0,0,0,1.03030303030303,2.89232531500573,0
3,570,2063,1600,1634,3504,0,0,0,-1.97960407918416,-2.47703868633454,0
3,580,3097,1746,1646,3541,0,0,0,0.734394124847001,1.05593607305936,0
3,590,2708,1436,1626,3626,0,0,0,-1.21506682867558,2.40045184975995,0
3,600,3139,999,1685,3475,0,0,0,3.62853628536285,-4.16436845008274,0
3,610,2220,2186,1644,3509,0,0,0,-2.43323442136499,0.97841726618705,0
3,620,3251,1701,1626,3579,0,0,0,-1.09489051094891,1.99487033342833,0
3,630,3250,2061,1657,3571,0,0,0,1.90651906519065,-0.223526124615814,0
3,640,3127,1551,1628,3541,0,0,0,-1.75015087507544,-0.840100812097452,0
3,650,2569,1221,1634,3508,0,0,0,0.368550368550369,-0.931940129906806,0
3,660,3345,1787,1661,3542,0,0,0,1.65238678090575,0.96921322690992,0
3,670,2823,1335,1686,3584,0,0,0,1.50511739915713,1.18577075098814,0
3,680,2947,1189,1599,3509,0,0,0,-5.16014234875445,-2.09263392857143,0
3,690,3408,1661,1658,3661,0,0,0,3.68980612883052,4.33171843830151,0
3,700,2377,1661,1644,3513,0,0,0,-0.844390832328106,-4.04261130838569,0
3,710,2935,1999,1629,3425,0,0,0,-0.912408759124088,-2.50498149729576,0
3,720,2538,2331,1690,3706,0,0,0,3.74462860650706,8.2043795620438,0
3,730,2656,1582,1663,3456,0,0,0,-1.59763313609467,-6.74581759309228,0
3,740,2772,2214,1628,3562,0,0,0,-2.1046301864101,3.06712962962963,0
3,750,2780,1654,1651,3538,0,0,0,1.41277641277641,-0.673778775968557,0
3,760,3372,1411,1682,3522,0,0,0,1.87764990914597,-0.452232899943471,0
3,770,2332,1872,1614,3607,0,0,0,-4.04280618311534,2.41340147643384,0
3,780,2887,1219,1693,3533,0,0,0,4.89467162329616,-2.05156639866925,0
3,790,2151,1696,1670,3554,0,0,0,-1.35853514471353,0.594395697707331,0
3,800,2371,1285,1682,3519,0,0,0,0.718562874251497,-0.984805852560495,0
3,810,2865,1201,1630,3537,0,0,0,-3.09155766944114,0.51150895140665,0
3,820,3007,1126,1663,3595,0,0,0,2.02453987730061,1.63980774667798,0
3,830,2697,1868,1653,3535,0,0,0,-0.601322910402886,-1.66898470097357,0
3,840,2353,1960,1653,3533,0,0,0,0,-0.0565770862800566,0
3,850,3112,1407,1621,3609,0,0,0,-1.93587416817907,2.15114633455986,0
3,860,2953,1535,1676,3467,0,0,0,3.39296730413325,-3.93460792463286,0
3,870,1887,2791,1689,3540,0,0,0,0.775656324582339,2.10556677242573,0
3,880,2489,1262,1668,3615,0,0,0,-1.24333925399645,2.11864406779661,0
3,890,2591,1737,1672,3497,0,0,0,0.239808153477218,-3.26417704011065,0
3,900,2444,1862,1629,3629,0,0,0,-2.57177033492823,3.77466399771232,0
3,910,3191,1598,1632,3541,0,0,0,0.184162062615101,-2.42491044364839,0
3,920,3286,2185,1669,3515,0,0,0,2.2671568627451,-0.734255859926574,0
3,930,2720,1945,1645,3428,0,0,0,-1.43798681845416,-2.475106685633,0
3,940,3234,2204,1682,3679,0,0,0,2.24924012158055,7.3220536756126,0
3,950,2623,1498,1610,3457,0,0,0,-4.28061831153389,-6.03424843707529,0
3,960,2960,2157,1644,3500,0,0,0,2.11180124223602,1.243853051779,0
3,970,3421,1800,1638,3622,0,0,0,-0.364963503649635,3.48571428571429,0
3,980,3420,1762,1652,3458,0,0,0,0.854700854700855,-4.527885146328,0
3,990,3355,1742,1599,3549,0,0,0,-3.20823244552058,2.63157894736842,0
3,1000,3149,2062,1685,3701,0,0,0,5.37836147592245,4.2828965905889,0
4,0,62500,125000,100,0,0,0,0,0,0,0
4,10,57648,125000,93,0,0,0,0,-7,0,0
4,20,57986,125000,128,0,0,0,0,37.6344086021505,0,0
4,30,56021,125000,189,0,0,0,0,47.65625,0,0
4,40,53142,125000,254,0,0,0,0,34.3915343915344,0,0
4,50,49894,125000,362,0,0,0,0,42.5196850393701,0,0
4,60,44494,125000,497,0,0,0,0,37.292817679558,0,0
4,70,37843,125000,685,0,0,0,0,37.8269617706237,0,0
4,80,29061,125000,946,0,0,0,0,38.1021897810219,0,0
4,90,17894,125000,1299,0,0,0,0,37.3150105708245,0,0
4,100,8095,125000,1513,0,0,0,0,16.4742109314858,0,0
4,110,5315,125000,1647,0,0,0,0,8.85657633840053,0,0
4,120,2892,125000,1653,0,0,0,0,0.364298724954463,0,0
4,130,2816,125000,1603,0,0,0,0,-3.02480338777979,0,0
4,140,3025,125000,1665,0,0,0,0,3.86774797255147,0,0
4,150,3109,125000,1632,0,0,0,0,-1.98198198198198,0,0
4,160,2904,125000,1666,0,0,0,0,2.08333333333333,0,0
4,170,2548,125000,1679,0,0,0,0,0.78031212484994,0,0
4,180,2494,125000,1668,0,0,0,0,-0.655151876116736,0,0
4,190,3281,125000,1637,0,0,0,0,-1.85851318944844,0,0
4,200,2693,125000,1641,0,0,0,0,0.244349419670128,0,0
4,210,4028,125000,1481,0,18,0,38,-9.75015234613041,0,0
4,220,5093,125000,1560,0,8,0,23,5.33423362592843,0,-39.4736842105263
4,230,4627,125000,1605,0,4,0,14,2.88461538461538,0,-39.1304347826087
4,240,2915,125000,1622,0,0,0,9,1.05919003115265,0,-35.7142857142857
4,250,3452,125000,1629,0,3,0,4,0.431565967940814,0,-55.5555555555556
4,260,3774,125000,1611,0,1,0,2,-1.10497237569061,0,-50
4,270,3102,125000,1606,0,0,0,1,-0.310366232153942,0,-50
4,280,3631,125000,1650,0,0,0,1,2.73972602739726,0,0
4,290,2795,125000,1668,0,0,0,1,1.09090909090909,0,0
4,300,2639,125000,1644,0,1,0,1,-1.43884892086331,0,0
4,310,2857,125000,1684,0,1,0,1,2.4330900243309,0,0
4,320,2928,125000,1658,0,0,0,1,-1.54394299287411,0,0
4,330,3381,125000,1605,0,0,0,0,-3.19662243667069,0,-100
4,340,3214,125000,1668,0,0,0,0,3.92523364485981,0,0
4,350,2646,125000,1636,0,0,0,0,-1.91846522781775,0,0
4,360,3729,125000,1633,0,0,0,0,-0.183374083129584,0,0
4,370,3854,125000,1624,0,0,0,0,-0.551132884262094,0,0
4,380,3116,125000,1673,0,0,0,0,3.01724137931034,0,0
4,390,2833,125000,1640,0,0,0,0,-1.97250448296473,0,0
4,400,3146,125000,1620,0,0,0,0,-1.21951219512195,0,0
4,410,2716,120147,1685,98,0,0,0,4.01234567901235,0,0
4,420,2847,120189,1654,198,0,0,0,-1.83976261127596,102.040816326531,0
4,430,2917,114980,1616,352,0,0,0,-2.29746070133011,77.7777777777778,0
4,440,3301,107175,1630,628,0,0,0,0.866336633663366,78.4090909090909,0
4,450,3373,93857,1630,1119,0,0,0,0,78.1847133757962,0
4,460,2742,69278,1678,1996,0,0,0,2.94478527607362,78.3735478105451,0
4,470,2280,31468,1639,3300,0,0,0,-2.32419547079857,65.3306613226453,0
4,480,2761,3964,1694,3486,0,0,0,3.35570469798658,5.63636363636364,0
4,490,2349,2104,1635,3490,0,0,0,-3.48288075560803,0.114744693057946,0
4,500,2753,1776,1652,3482,0,0,0,1.03975535168196,-0.229226361031519,0
4,510,3050,1396,1664,3563,0,0,0,0.726392251815981,2.32624928202183,0
4,520,2907,1604,1637,3662,0,0,0,-1.62259615384615,2.77855739545327,0
4,530,2892,1013,1670,3462,0,0,0,2.01588271227856,-5.46149645002731,0
4,540,2750,2233,1629,3707,0,0,0,-2.45508982035928,7.07683419988446,0
4,550,2833,806,1661,3392,0,0,0,1.96439533456108,-8.49743728082007,0
4,560,2901,2960,1668,3677,0,0,0,0.421432871763998,8.40212264150943,0
4,570,2434,1175,1623,3379,0,0,0,-2.69784172661871,-8.10443296165352,0
4,580,2525,2160,1674,3577,0,0,0,3.14232902033272,5.85972181118674,0
4,590,2589,1992,1645,3588,0,0,0,-1.73237753882915,0.307520268381325,0
4,600,2166,1509,1665,3549,0,0,0,1.21580547112462,-1.08695652173913,0
4,610,2849,1539,1631,3519,0,0,0,-2.04204204204204,-0.84530853761623,0
4,620,3121,1981,1639,3618,0,0,0,0.490496627835684,2.81329923273657,0
4,630,3360,1529,1644,3469,0,0,0,0.305064063453325,-4.11829740187949,0
4,640,2824,1704,1626,3642,0,0,0,-1.09489051094891,4.98702796194869,0
4,650,3185,1790,1658,3407,0,0,0,1.9680196801968,-6.45249862712795,0
4,660,2712,2194,1661,3595,0,0,0,0.180940892641737,5.51805107132374,0
4,670,3014,2066,1653,3489,0,0,0,-0.481637567730283,-2.94853963838665,0
4,680,3377,1828,1640,3613,0,0,0,-0.786448880822747,3.55402694181714,0
4,690,2862,1366,1663,3600,0,0,0,1.40243902439024,-0.359811790755605,0
4,700,2735,1421,1673,3437,0,0,0,0.601322910402886,-4.52777777777778,0
4,710,2755,2014,1639,3664,0,0,0,-2.03227734608488,6.60459703229561,0
4,720,2973,1231,1651,3578,0,0,0,0.732153752287981,-2.3471615720524,0
4,730,3230,1481,1623,3458,0,0,0,-1.69594185342217,-3.35382895472331,0
4,740,2936,2609,1620,3586,0,0,0,-0.184842883548983,3.70156159629844,0
4,750,2615,1425,1687,3538,0,0,0,4.1358024691358,-1.33853876185165,0
4,760,2530,1461,1659,3501,0,0,0,-1.6597510373444,-1.04578858111928,0
4,770,3327,1651,1652,3594,0,0,0,-0.421940928270042,2.65638389031705,0
4,780,2689,1343,1686,3527,0,0,0,2.05811138014528,-1.86421814134669,0
4,790,2927,1681,1650,3578,0,0,0,-2.13523131672598,1.44598809186277,0
4,800,2801,1501,1637,3465,0,0,0,-0.787878787878788,-3.15818893236445,0
4,810,2534,2431,1658,3709,0,0,0,1.28283445326817,7.04184704184704,0
4,820,2989,1011,1649,3407,0,0,0,-0.542822677925211,-8.14235643030466,0
4,830,3109,2096,1621,3614,0,0,0,-1.69799878714372,6.07572644555327,0
4,840,3327,1591,1657,3525,0,0,0,2.22085132634176,-2.46264526840066,0
4,850,3016,1631,1661,3528,0,0,0,0.24140012070006,0.0851063829787234,0
4,860,2726,1585,1629,3598,0,0,0,-1.92655027092113,1.98412698412698,0
4,870,2752,1828,1637,3446,0,0,0,0.49109883364027,-4.22456920511395,0
4,880,3397,1767,1623,3685,0,0,0,-0.855222968845449,6.93557748113755,0
4,890,3611,1361,1651,3366,0,0,0,1.72520024645718,-8.65671641791045,0
4,900,2904,2442,1644,3686,0,0,0,-0.423985463355542,9.5068330362448,0
4,910,3358,1081,1627,3477,0,0,0,-1.03406326034063,-5.67010309278351,0
4,920,2751,2144,1675,3592,0,0,0,2.95021511985249,3.30744895024446,0
4,930,2455,1524,1659,3460,0,0,0,-0.955223880597015,-3.67483296213808,0
4,940,2577,1825,1625,3640,0,0,0,-2.04942736588306,5.20231213872832,0
4,950,2389,1158,1700,3482,0,0,0,4.61538461538461,-4.34065934065934,0
4,960,2654,2169,1636,3518,0,0,0,-3.76470588235294,1.03388856978748,0
4,970,2789,1886,1641,3601,0,0,0,0.305623471882641,2.35929505400796,0
4,980,3103,1367,1639,3495,0,0,0,-0.12187690432663,-2.94362677034157,0
4,990,3062,1636,1668,3514,0,0,0,1.76937156802929,0.543633762517883,0
4,1000,2689,1754,1631,3746,0,0,0,-2.21822541966427,6.60216277746158,0
5,0,62500,125000,100,0,0,0,0,0,0,0
5,10,57566,125000,97,0,0,0,0,-3,0,0
5,20,57676,125000,144,0,0,0,0,48.4536082474227,0,0
5,30,55422,125000,195,0,0,0,0,35.4166666666667,0,0
5,40,52892,125000,281,0,0,0,0,44.1025641025641,0,0
5,50,48472,125000,384,0,0,0,0,36.6548042704626,0,0
5,60,43504,125000,521,0,0,0,0,35.6770833333333,0,0
5,70,36826,125000,736,0,0,0,0,41.2667946257198,0,0
5,80,26054,125000,1036,0,0,0,0,40.7608695652174,0,0
5,90,14842,125000,1333,0,0,0,0,28.6679536679537,0,0
5,100,6572,125000,1604,0,0,0,0,20.3300825206302,0,0
5,110,4002,125000,1671,0,0,0,0,4.17705735660848,0,0
5,120,2458,125000,1642,0,0,0,0,-1.73548773189707,0,0
5,130,3042,125000,1652,0,0,0,0,0.609013398294763,0,0
5,140,3337,125000,1639,0,0,0,0,-0.786924939467312,0,0
5,150,2838,125000,1653,0,0,0,0,0.854179377669311,0,0
5,160,2737,125000,1636,0,0,0,0,-1.02843315184513,0,0
5,170,2611,125000,1653,0,0,0,0,1.03911980440098,0,0
5,180,2600,125000,1671,0,0,0,0,1.08892921960073,0,0
5,190,3141,125000,1615,0,0,0,0,-3.35128665469779,0,0
5,200,3622,125000,1656,0,0,0,0,2.53869969040248,0,0
5,210,4622,125000,1466,0,25,0,43,-11.4734299516908,0,0
5,220,6235,125000,1494,0,7,0,26,1.90995907230559,0,-39.5348837209302
5,230,5600,125000,1538,0,5,0,13,2.94511378848728,0,-50
5,240,3760,125000,1675,0,2,0,7,8.90767230169051,0,-46.1538461538462
5,250,3202,125000,1608,0,1,0,4,-4,0,-42.8571428571429
5,260,3725,125000,1596,0,2,0,4,-0.746268656716418,0,0
5,270,3232,125000,1683,0,1,0,3,5.45112781954887,0,-25
5,280,2549,125000,1665,0,3,0,3,-1.06951871657754,0,0
5,290,2084,125000,1615,0,0,0,1,-3.003003003003,0,-66.6666666666667
5,300,2549,125000,1709,0,0,0,1,5.82043343653251,0,0
5,310,2122,125000,1661,0,1,0,2,-2.80866003510825,0,100
5,320,2554,125000,1686,0,0,0,1,1.50511739915713,0,-50
5,330,2892,125000,1631,0,0,0,0,-3.26215895610913,0,-100
5,340,3515,125000,1646,0,0,0,0,0.919681177191907,0,0
5,350,2809,125000,1610,0,0,0,0,-2.18712029161604,0,0
5,360,3457,125000,1686,0,0,0,0,4.72049689440994,0,0
5,370,2487,125000,1649,0,0,0,0,-2.19454329774614,0,0
5,380,2279,125000,1638,0,0,0,0,-0.667070952092177,0,0
5,390,2898,125000,1681,0,0,0,0,2.62515262515263,0,0
5,400,2213,125000,1660,0,0,0,0,-1.24925639500297,0,0
5,410,2963,119759,1620,119,0,0,0,-2.40963855421687,0,0
5,420,3261,118879,1627,283,0,0,0,0.432098765432099,137.81512605042,0
5,430,2981,111019,1646,439,0,0,0,1.16779348494161,55.1236749116608,0
5,440,3021,103097,1671,848,0,0,0,1.51883353584447,93.1662870159453,0
5,450,2539,82420,1645,1545,0,0,0,-1.55595451825254,82.1933962264151,0
5,460,3037,49450,1651,2697,0,0,0,0.364741641337386,74.5631067961165,0
5,470,2483,14039,1668,3473,0,0,0,1.02967898243489,28.7727104189841,0
5,480,2855,2445,1682,3388,0,0,0,0.839328537170264,-2.44745177080334,0
5,490,2319,2503,1671,3513,0,0,0,-0.653983353151011,3.68949232585596,0
5,500,2358,1798,1654,3584,0,0,0,-1.01735487731897,2.02106461713635,0
5,510,2803,1415,1670,3550,0,0,0,0.967351874244256,-0.948660714285714,0
5,520,2686,1654,1619,3513,0,0,0,-3.05389221556886,-1.04225352112676,0
5,530,2996,2027,1671,3570,0,0,0,3.2118591723286,1.62254483347566,0
5,540,2778,1957,1677,3541,0,0,0,0.359066427289048,-0.812324929971989,0
5,550,2868,1830,1606,3550,0,0,0,-4.23375074537865,0.254165489974583,0
5,560,3899,1666,1644,3639,0,0,0,2.36612702366127,2.50704225352113,0
5,570,2838,1318,1672,3435,0,0,0,1.70316301703163,-5.60593569661995,0
5,580,2418,2032,1617,3618,0,0,0,-3.28947368421053,5.32751091703057,0
5,590,3120,1184,1653,3517,0,0,0,2.22634508348794,-2.79159756771697,0
5,600,2661,2286,1685,3555,0,0,0,1.93587416817907,1.08046630651123,0
5,610,2321,1584,1631,3451,0,0,0,-3.20474777448071,-2.92545710267229,0
5,620,2948,1884,1656,3535,0,0,0,1.53280196198651,2.43407707910751,0
5,630,2967,1690,1664,3735,0,0,0,0.483091787439614,5.65770862800566,0
5,640,2441,1101,1650,3375,0,0,0,-0.841346153846154,-9.63855421686747,0
5,650,3167,2343,1632,3581,0,0,0,-1.09090909090909,6.1037037037037,0
5,660,2927,1956,1662,3521,0,0,0,1.83823529411765,-1.6755096341804,0
5,670,2576,1705,1607,3631,0,0,0,-3.30926594464501,3.12411246804885,0
5,680,2942,1540,1660,3413,0,0,0,3.29807093963908,-6.00385568713853,0
5,690,2843,2532,1663,3570,0,0,0,0.180722891566265,4.6000585994726,0
5,700,2470,1926,1639,3548,0,0,0,-1.44317498496693,-0.61624649859944,0
5,710,2720,1690,1679,3479,0,0,0,2.4405125076266,-1.94475760992108,0
5,720,2695,2036,1652,3629,0,0,0,-1.60810005955926,4.31158378844496,0
5,730,2514,1519,1682,3468,0,0,0,1.81598062953995,-4.43648387985671,0
5,740,2450,2192,1642,3543,0,0,0,-2.37812128418549,2.16262975778547,0
5,750,2767,2279,1652,3660,0,0,0,0.609013398294763,3.30228619813717,0
5,760,2474,1415,1646,3521,0,0,0,-0.36319612590799,-3.79781420765027,0
5,770,3190,1600,1640,3555,0,0,0,-0.364520048602673,0.965634762851463,0
5,780,3382,1816,1659,3564,0,0,0,1.15853658536585,0.253164556962025,0
5,790,2345,1762,1691,3475,0,0,0,1.92887281494876,-2.49719416386083,0
5,800,2640,2530,1638,3503,0,0,0,-3.13424009461857,0.805755395683453,0
5,810,2774,1536,1622,3646,0,0,0,-0.976800976800977,4.08221524407651,0
5,820,3140,1263,1666,3547,0,0,0,2.71270036991369,-2.71530444322545,0
5,830,2284,1082,1651,3575,0,0,0,-0.900360144057623,0.789399492528898,0
5,840,2857,1775,1661,3536,0,0,0,0.605693519079346,-1.09090909090909,0
5,850,2580,1749,1618,3470,0,0,0,-2.58880192655027,-1.86651583710407,0
5,860,2606,1501,1689,3622,0,0,0,4.38813349814586,4.38040345821326,0
5,870,2505,1295,1662,3546,0,0,0,-1.59857904085258,-2.09828823854224,0
5,880,3114,1754,1632,3575,0,0,0,-1.80505415162455,0.817822899041173,0
5,890,3223,1716,1625,3612,0,0,0,-0.428921568627451,1.03496503496504,0
5,900,3681,1626,1650,3397,0,0,0,1.53846153846154,-5.95238095238095,0
5,910,2699,2424,1597,3727,0,0,0,-3.21212121212121,9.71445392993818,0
5,920,2966,873,1695,3378,0,0,0,6.13650594865373,-9.36409981218138,0
5,930,2000,3084,1692,3696,0,0,0,-0.176991150442478,9.41385435168739,0
5,940,2589,786,1596,3526,0,0,0,-5.67375886524823,-4.5995670995671,0
5,950,3137,1197,1645,3453,0,0,0,3.07017543859649,-2.07033465683494,0
5,960,2778,1912,1705,3670,0,0,0,3.64741641337386,6.28439038517231,0
5,970,2154,1157,1665,3500,0,0,0,-2.34604105571848,-4.63215258855586,0
5,980,2590,1802,1635,3490,0,0,0,-1.8018018018018,-0.285714285714286,0
5,990,2967,2267,1633,3599,0,0,0,-0.122324159021407,3.12320916905444,0
5,1000,3018,1478,1652,3646,0,0,0,1.16350275566442,1.30591831064185,0
6,0,62500,125000,100,0,0,0,0,0,0,0
6,10,57396,125000,103,0,0,0,0,3,0,0
6,20,57226,125000,156,0,0,0,0,51.4563106796116,0,0
6,30,54995,125000,213,0,0,0,0,36.5384615384615,0,0
6,40,52064,125000,282,0,0,0,0,32.3943661971831,0,0
6,50,48359,125000,387,0,0,0,0,37.2340425531915,0,0
6,60,43089,125000,576,0,0,0,0,48.8372093023256,0,0
6,70,33588,125000,816,0,0,0,0,41.6666666666667,0,0
6,80,23014,125000,1129,0,0,0,0,38.3578431372549,0,0
6,90,11788,125000,1441,0,0,0,0,27.6350752878654,0,0
6,100,5371,125000,1637,0,0,0,0,13.6016655100625,0,0
6,110,2904,125000,1652,0,0,0,0,0.916310323762981,0,0
6,120,2581,125000,1660,0,0,0,0,0.484261501210654,0,0
6,130,2564,125000,1678,0,0,0,0,1.08433734939759,0,0
6,140,2281,125000,1679,0,0,0,0,0.0595947556615018,0,0
6,150,2464,125000,1641,0,0,0,0,-2.263251935676,0,0
6,160,2802,125000,1697,0,0,0,0,3.41255332114564,0,0
6,170,2768,125000,1652,0,0,0,0,-2.65173836181497,0,0
6,180,2580,125000,1647,0,0,0,0,-0.302663438256659,0,0
6,190,3127,125000,1603,0,0,0,0,-2.67152398299939,0,0
6,200,2886,125000,1642,0,0,0,0,2.4329382407985,0,0
6,210,4022,125000,1506,0,21,0,36,-8.28258221680877,0,0
6,220,4632,125000,1519,0,7,0,17,0.863213811420983,0,-52.7777777777778
6,230,4405,125000,1585,0,2,0,7,4.3449637919684,0,-58.8235294117647
6,240,3886,125000,1616,0,1,0,5,1.95583596214511,0,-28.5714285714286
6,250,2915,125000,1662,0,3,0,5,2.84653465346535,0,0
6,260,2871,125000,1630,0,1,0,3,-1.92539109506619,0,-40
6,270,3002,125000,1671,0,1,0,3,2.51533742331288,0,0
6,280,2872,125000,1621,0,0,0,1,-2.99222022740874,0,-66.6666666666667
6,290,3156,125000,1652,0,0,0,0,1.91239975323874,0,-100
6,300,3035,125000,1661,0,0,0,0,0.544794188861985,0,0
6,310,3101,125000,1653,0,0,0,0,-0.481637567730283,0,0
6,320,2764,125000,1627,0,0,0,0,-1.57289776164549,0,0
6,330,3334,125000,1631,0,0,0,0,0.245851259987707,0,0
6,340,3117,125000,1610,0,0,0,0,-1.28755364806867,0,0
6,350,3377,125000,1636,0,0,0,0,1.61490683229814,0,0
6,360,3209,125000,1671,0,0,0,0,2.13936430317848,0,0
6,370,2927,125000,1619,0,0,0,0,-3.11190903650509,0,0
6,380,2700,125000,1661,0,0,0,0,2.59419394688079,0,0
6,390,2529,125000,1687,0,0,0,0,1.56532209512342,0,0
6,400,2424,125000,1639,0,0,0,0,-2.8452874925904,0,0
6,410,2849,119994,1657,105,0,0,0,1.09823062843197,0,0
6,420,3411,119617,1603,249,0,0,0,-3.25890162945081,137.142857142857,0
6,430,3483,112647,1630,410,0,0,0,1.68434185901435,64.6586345381526,0
6,440,2748,104339,1669,744,0,0,0,2.39263803680982,81.4634146341463,0
6,450,2537,87707,1626,1360,0,0,0,-2.57639304973038,82.7956989247312,0
6,460,3054,57686,1643,2299,0,0,0,1.04551045510455,69.0441176470588,0
6,470,3037,20485,1679,3672,0,0,0,2.1911138161899,59.7216180948238,0
6,480,2447,1615,1698,3240,0,0,0,1.131625967838,-11.7647058823529,0
6,490,2901,3847,1633,3642,0,0,0,-3.82803297997644,12.4074074074074,0
6,500,3209,1661,1627,3488,0,0,0,-0.367421922841396,-4.2284459088413,0
6,510,3342,1488,1633,3560,0,0,0,0.368776889981561,2.06422018348624,0
6,520,2606,1547,1677,3545,0,0,0,2.69442743417024,-0.421348314606742,0
6,530,2688,1123,1639,3602,0,0,0,-2.26595110316041,1.60789844851904,0
6,540,2710,1750,1627,3434,0,0,0,-0.732153752287981,-4.66407551360355,0
6,550,3261,1905,1648,3661,0,0,0,1.29071911493546,6.61036691904485,0
6,560,2578,1917,1660,3469,0,0,0,0.728155339805825,-5.24446872439224,0
6,570,2256,1532,1674,3560,0,0,0,0.843373493975904,2.62323436148746,0
6,580,2675,1774,1666,3463,0,0,0,-0.4778972520908,-2.7247191011236,0
6,590,2643,1970,1619,3601,0,0,0,-2.82112845138055,3.98498411781692,0
6,600,3385,1668,1661,3551,0,0,0,2.59419394688079,-1.38850319355735,0
6,610,2754,1804,1669,3529,0,0,0,0.481637567730283,-0.619543790481555,0
6,620,2666,1327,1618,3487,0,0,0,-3.0557219892151,-1.19013884953245,0
6,630,3162,2083,1634,3626,0,0,0,0.988875154511743,3.98623458560367,0
6,640,2799,1228,1639,3521,0,0,0,0.305997552019584,-2.8957528957529,0
6,650,3655,2466,1651,3448,0,0,0,0.732153752287981,-2.07327463788696,0
6,660,2867,1746,1653,3749,0,0,0,0.121138703815869,8.72969837587007,0
6,670,2595,1115,1636,3327,0,0,0,-1.02843315184513,-11.2563350226727,0
6,680,3628,2831,1668,3669,0,0,0,1.9559902200489,10.2795311091073,0
6,690,2993,1380,1637,3511,0,0,0,-1.85851318944844,-4.30635050422458,0
6,700,2938,1549,1627,3634,0,0,0,-0.610873549175321,3.50327542010823,0
6,710,3110,1827,1646,3424,0,0,0,1.16779348494161,-5.77875619152449,0
6,720,2324,2200,1650,3641,0,0,0,0.243013365735115,6.33761682242991,0
6,730,3303,1372,1652,3464,0,0,0,0.121212121212121,-4.8613018401538,0
6,740,2686,2238,1670,3553,0,0,0,1.08958837772397,2.56928406466513,0
6,750,2319,2205,1654,3515,0,0,0,-0.958083832335329,-1.06951871657754,0
6,760,2686,1763,1664,3540,0,0,0,0.60459492140266,0.711237553342816,0
6,770,2381,2326,1660,3615,0,0,0,-0.240384615384615,2.11864406779661,0
6,780,2740,1444,1640,3481,0,0,0,-1.20481927710843,-3.70677731673582,0
6,790,2760,2515,1685,3554,0,0,0,2.74390243902439,2.09709853490376,0
6,800,2305,1523,1670,3594,0,0,0,-0.890207715133531,1.12549240292628,0
6,810,2868,1601,1649,3421,0,0,0,-1.25748502994012,-4.81357818586533,0
6,820,3002,2545,1646,3595,0,0,0,-0.181928441479685,5.0862320958784,0
6,830,2571,1317,1666,3521,0,0,0,1.21506682867558,-2.05841446453408,0
6,840,2654,1607,1614,3618,0,0,0,-3.12124849939976,2.75489917637035,0
6,850,3250,1448,1707,3493,0,0,0,5.76208178438662,-3.45494748479823,0
6,860,2132,1514,1631,3597,0,0,0,-4.4522554188635,2.97738333810478,0
6,870,3048,1759,1642,3389,0,0,0,0.674432863274065,-5.78259660828468,0
6,880,3168,2384,1631,3766,0,0,0,-0.669914738124239,11.1242254352316,0
6,890,3006,1367,1647,3407,0,0,0,0.980993255671367,-9.53266064790228,0
6,900,3374,2833,1705,3615,0,0,0,3.52155434122647,6.10507778103904,0
6,910,2619,992,1633,3571,0,0,0,-4.22287390029325,-1.21715076071923,0
6,920,2830,1393,1668,3450,0,0,0,2.14329454990814,-3.38840660879306,0
6,930,2929,1527,1616,3568,0,0,0,-3.11750599520384,3.42028985507246,0
6,940,2860,1750,1673,3531,0,0,0,3.52722772277228,-1.03699551569507,0
6,950,2172,1619,1666,3512,0,0,0,-0.418410041841004,-0.5380911922968,0
6,960,2931,2034,1651,3626,0,0,0,-0.900360144057623,3.24601366742597,0
6,970,2785,1520,1665,3461,0,0,0,0.847970926711084,-4.55046883618312,0
6,980,2899,1928,1630,3661,0,0,0,-2.1021021021021,5.77867668303958,0
6,990,2695,1246,1686,3475,0,0,0,3.43558282208589,-5.08057907675498,0
6,1000,2465,1740,1657,3579,0,0,0,-1.72004744958482,2.99280575539568,0
7,0,62500,125000,100,0,0,0,0,0,0,0
7,10,57604,125000,93,0,0,0,0,-7,0,0
7,20,57800,125000,137,0,0,0,0,47.3118279569892,0,0
7,30,55642,125000,180,0,0,0,0,31.3868613138686,0,0
7,40,53338,125000,258,0,0,0,0,43.3333333333333,0,0
7,50,49628,125000,370,0,0,0,0,43.4108527131783,0,0
7,60,44257,125000,500,0,0,0,0,35.1351351351351,0,0
7,70,37667,125000,708,0,0,0,0,41.6,0,0
7,80,27730,125000,1010,0,0,0,0,42.6553672316384,0,0
7,90,17001,125000,1277,0,0,0,0,26.4356435643564,0,0
7,100,8562,125000,1592,0,0,0,0,24.6671887235709,0,0
7,110,4084,125000,1586,0,0,0,0,-0.376884422110553,0,0
7,120,3620,125000,1629,0,0,0,0,2.71122320302648,0,0
7,130,3182,125000,1667,0,0,0,0,2.33271945979128,0,0
7,140,2607,125000,1623,0,0,0,0,-2.63947210557888,0,0
7,150,3301,125000,1636,0,0,0,0,0.800985828712261,0,0
7,160,2973,125000,1655,0,0,0,0,1.16136919315403,0,0
7,170,2971,125000,1659,0,0,0,0,0.241691842900302,0,0
7,180,2214,125000,1660,0,0,0,0,0.0602772754671489,0,0
7,190,2745,125000,1695,0,0,0,0,2.10843373493976,0,0
7,200,2698,125000,1609,0,0,0,0,-5.07374631268437,0,0
7,210,4612,125000,1487,0,16,0,32,-7.58234928527035,0,0
7,220,4846,125000,1568,0,12,0,14,5.44720914593141,0,-56.25
7,230,3877,125000,1640,0,6,0,7,4.59183673469388,0,-50
7,240,3765,125000,1639,0,3,0,3,-0.0609756097560976,0,-57.1428571428571
7,250,2916,125000,1640,0,0,0,2,0.061012812690665,0,-33.3333333333333
7,260,2803,125000,1628,0,1,0,2,-0.731707317073171,0,0
7,270,3567,125000,1627,0,2,0,2,-0.0614250614250614,0,0
7,280,3313,125000,1657,0,1,0,2,1.84388444990781,0,0
7,290,2855,125000,1603,0,1,0,2,-3.25890162945081,0,0
7,300,3214,125000,1660,0,0,0,2,3.55583281347473,0,0
7,310,2728,125000,1680,0,1,0,1,1.20481927710843,0,-50
7,320,2491,125000,1639,0,0,0,0,-2.44047619047619,0,-100
7,330,2282,125000,1688,0,0,0,0,2.98962782184259,0,0
7,340,2515,125000,1683,0,0,0,0,-0.296208530805687,0,0
7,350,2609,125000,1641,0,0,0,0,-2.49554367201426,0,0
7,360,2943,125000,1577,0,0,0,0,-3.90006093845216,0,0
7,370,3625,125000,1691,0,0,0,0,7.2289156626506,0,0
7,380,2834,125000,1639,0,0,0,0,-3.07510348905973,0,0
7,390,3041,125000,1679,0,0,0,0,2.4405125076266,0,0
7,400,2867,125000,1633,0,0,0,0,-2.73972602739726,0,0
7,410,3280,119856,1618,110,0,0,0,-0.91855480710349,0,0
7,420,3536,119458,1624,249,0,0,0,0.370828182941904,126.363636363636,0
7,430,3297,112524,1664,405,0,0,0,2.46305418719212,62.6506024096386,0
7,440,3026,104694,1638,758,0,0,0,-1.5625,87.1604938271605,0
7,450,3369,87041,1609,1400,0,0,0,-1.77045177045177,84.6965699208443,0
7,460,3084,55834,1669,2387,0,0,0,3.72902423865755,70.5,0
7,470,2950,18738,1667,3559,0,0,0,-0.11983223487118,49.0992878089652,0
7,480,2601,2674,1642,3355,0,0,0,-1.499700059988,-5.73194717617308,0
7,490,2985,2412,1622,3480,0,0,0,-1.21802679658953,3.725782414307,0
7,500,3673,2018,1615,3689,0,0,0,-0.431565967940814,6.00574712643678,0
7,510,2999,987,1668,3352,0,0,0,3.28173374613003,-9.13526701002982,0
7,520,3056,1976,1622,3732,0,0,0,-2.75779376498801,11.3365155131265,0
7,530,2808,1443,1685,3381,0,0,0,3.88409371146732,-9.40514469453376,0
7,540,2570,2108,1643,3619,0,0,0,-2.49258160237389,7.03933747412008,0
7,550,2914,1538,1660,3585,0,0,0,1.03469263542301,-0.939486045869025,0
7,560,2299,1640,1645,3504,0,0,0,-0.903614457831325,-2.25941422594142,0
7,570,3008,1778,1609,3498,0,0,0,-2.18844984802432,-0.171232876712329,0
7,580,2844,1534,1713,3704,0,0,0,6.46364201367309,5.88907947398513,0
7,590,2362,1169,1658,3423,0,0,0,-3.21074138937536,-7.58639308855292,0
7,600,2959,2456,1640,3595,0,0,0,-1.08564535585042,5.02483201869705,0
7,610,3943,1836,1604,3499,0,0,0,-2.19512195121951,-2.67037552155772,0
7,620,3656,1964,1635,3523,0,0,0,1.93266832917706,0.685910260074307,0
7,630,3127,1765,1645,3528,0,0,0,0.611620795107034,0.141924496168039,0
7,640,2967,1724,1654,3627,0,0,0,0.547112462006079,2.80612244897959,0
7,650,3057,1204,1621,3496,0,0,0,-1.99516324062878,-3.61180038599393,0
7,660,2934,1796,1671,3565,0,0,0,3.08451573103023,1.97368421052632,0
7,670,2224,1769,1681,3548,0,0,0,0.598444045481747,-0.476858345021038,0
7,680,2435,1529,1661,3530,0,0,0,-1.18976799524093,-0.507328072153326,0
7,690,2504,1177,1650,3673,0,0,0,-0.662251655629139,4.05099150141643,0
7,700,2925,2337,1625,3360,0,0,0,-1.51515151515152,-8.52164443234413,0
7,710,3403,2061,1651,3697,0,0,0,1.6,10.0297619047619,0
7,720,2950,1141,1631,3452,0,0,0,-1.21138703815869,-6.62699486069786,0
7,730,3052,1899,1669,3583,0,0,0,2.3298589822195,3.79490150637312,0
7,740,2408,1586,1664,3484,0,0,0,-0.299580587177951,-2.7630477253698,0
7,750,2624,1687,1682,3579,0,0,0,1.08173076923077,2.72675086107922,0
7,760,2534,1588,1649,3519,0,0,0,-1.96195005945303,-1.67644593461861,0
7,770,2853,1266,1598,3601,0,0,0,-3.09278350515464,2.33020744529696,0
7,780,3242,1614,1679,3526,0,0,0,5.06883604505632,-2.08275479033602,0
7,790,2533,1654,1620,3601,0,0,0,-3.51399642644431,2.12705615428247,0
7,800,3197,1346,1705,3490,0,0,0,5.24691358024691,-3.08247708969731,0
7,810,1789,2537,1728,3567,0,0,0,1.34897360703812,2.20630372492837,0
7,820,2341,1912,1592,3493,0,0,0,-7.87037037037037,-2.07457246986263,0
7,830,3373,2055,1656,3598,0,0,0,4.02010050251256,3.0060120240481,0
7,840,3107,1842,1651,3526,0,0,0,-0.301932367149758,-2.00111172873819,0
7,850,2727,2013,1651,3420,0,0,0,0,-3.00623936471923,0
7,860,3212,2160,1618,3650,0,0,0,-1.99878861296184,6.72514619883041,0
7,870,3024,1522,1710,3448,0,0,0,5.68603213844252,-5.53424657534247,0
7,880,2387,2217,1642,3594,0,0,0,-3.9766081871345,4.23433874709977,0
7,890,2723,1656,1595,3529,0,0,0,-2.86236297198538,-1.80856983861992,0
7,900,3170,2412,1647,3554,0,0,0,3.26018808777429,0.708415981864551,0
7,910,2996,1655,1661,3402,0,0,0,0.85003035822708,-4.27687113111987,0
7,920,3093,2264,1621,3692,0,0,0,-2.40818783865141,8.5243974132863,0
7,930,3213,1402,1666,3423,0,0,0,2.77606415792721,-7.28602383531961,0
7,940,2413,1570,1647,3696,0,0,0,-1.14045618247299,7.97546012269939,0
7,950,3189,1618,1657,3393,0,0,0,0.607164541590771,-8.19805194805195,0
7,960,3289,2479,1621,3604,0,0,0,-2.17260108630054,6.21868552903036,0
7,970,3368,1415,1680,3549,0,0,0,3.63972856261567,-1.52608213096559,0
7,980,2761,1811,1633,3473,0,0,0,-2.79761904761905,-2.14144829529445,0
7,990,2995,2391,1645,3590,0,0,0,0.734843845682792,3.36884537863519,0
7,1000,2944,1915,1644,3544,0,0,0,-0.060790273556231,-1.28133704735376,0
8,0,62500,125000,100,0,0,0,0,0,0,0
8,10,57414,125000,102,0,0,0,0,2,0,0
8,20,57295,125000,155,0,0,0,0,51.9607843137255,0,0
8,30,54909,125000,212,0,0,0,0,36.7741935483871,0,0
8,40,51754,125000,303,0,0,0,0,42.9245283018868,0,0
8,50,47230,125000,433,0,0,0,0,42.9042904290429,0,0
8,60,40908,125000,603,0,0,0,0,39.2609699769053,0,0
8,70,32560,125000,855,0,0,0,0,41.7910447761194,0,0
8,80,21535,125000,1150,0,0,0,0,34.5029239766082,0,0
8,90,11440,125000,1484,0,0,0,0,29.0434782608696,0,0
8,100,5205,125000,1615,0,0,0,0,8.82749326145553,0,0
8,110,3628,125000,1627,0,0,0,0,0.743034055727554,0,0
8,120,3252,125000,1638,0,0,0,0,0.676090964966195,0,0
8,130,3260,125000,1686,0,0,0,0,2.93040293040293,0,0
8,140,2766,125000,1655,0,0,0,0,-1.83867141162515,0,0
8,150,2640,125000,1604,0,0,0,0,-3.08157099697885,0,0
8,160,3524,125000,1647,0,0,0,0,2.68079800498753,0,0
8,170,2720,125000,1640,0,0,0,0,-0.42501517911354,0,0
8,180,2427,125000,1664,0,0,0,0,1.46341463414634,0,0
8,190,3634,125000,1652,0,0,0,0,-0.721153846153846,0,0
8,200,3063,125000,1631,0,0,0,0,-1.27118644067797,0,0
8,210,3737,125000,1448,0,19,0,42,-11.2201103617413,0,0
8,220,5826,125000,1555,0,7,0,25,7.38950276243094,0,-40.4761904761905
8,230,4124,125000,1539,0,7,0,18,-1.02893890675241,0,-28
8,240,3249,125000,1637,0,1,0,14,6.36777128005198,0,-22.2222222222222
8,250,3346,125000,1614,0,2,0,12,-1.40500916310324,0,-14.2857142857143
8,260,3045,125000,1649,0,3,0,8,2.16852540272615,0,-33.3333333333333
8,270,2822,125000,1581,0,2,0,8,-4.12371134020619,0,0
8,280,3652,125000,1633,0,4,0,7,3.28905755850727,0,-12.5
8,290,3267,125000,1661,0,1,0,9,1.71463563992652,0,28.5714285714286
8,300,2620,125000,1603,0,5,0,6,-3.49187236604455,0,-33.3333333333333
8,310,3047,125000,1628,0,3,0,8,1.55957579538366,0,33.3333333333333
8,320,2862,125000,1649,0,4,0,7,1.28992628992629,0,-12.5
8,330,2985,125000,1679,0,1,0,4,1.81928441479685,0,-42.8571428571429
8,340,2143,125000,1705,0,1,0,6,1.5485407980941,0,50
8,350,1958,125000,1657,0,0,0,5,-2.81524926686217,0,-16.6666666666667
8,360,2936,125000,1601,0,0,0,5,-3.37960168980084,0,0
8,370,3824,125000,1640,0,2,0,5,2.43597751405372,0,0
8,380,2863,125000,1648,0,2,0,3,0.48780487804878,0,-40
8,390,2463,125000,1652,0,1,0,2,0.242718446601942,0,-33.3333333333333
8,400,3247,125000,1635,0,0,0,1,-1.02905569007264,0,-50
8,410,3496,119894,1573,105,0,0,1,-3.79204892966361,0,0
8,420,3491,119707,1651,253,0,0,1,4.95867768595041,140.952380952381,0
8,430,2857,112538,1643,405,1,0,2,-0.484554815263477,60.0790513833992,100
8,440,3059,104868,1613,731,1,0,2,-1.82592818015825,80.4938271604938,0
8,450,3579,88102,1652,1390,1,0,1,2.41785492870428,90.1504787961696,-50
8,460,2684,56244,1645,2394,0,1,1,-0.423728813559322,72.2302158273381,0
8,470,2888,19215,1630,3546,0,1,1,-0.911854103343465,48.1203007518797,0
8,480,3309,1889,1685,3379,0,0,1,3.37423312883436,-4.70953186689227,0
8,490,2490,2032,1691,3594,0,1,1,0.356083086053412,6.36282923941995,0
8,500,2572,1811,1611,3445,0,0,1,-4.73092844470727,-4.14579855314413,0
8,510,3237,2507,1621,3567,0,0,1,0.620732464307883,3.54136429608128,0
8,520,3272,1421,1683,3557,0,0,1,3.82479950647748,-0.280347631062518,0
8,530,2794,1462,1598,3522,0,0,1,-5.05050505050505,-0.983975260050604,0
8,540,3187,2125,1683,3512,0,0,2,5.31914893617021,-0.283929585462805,100
8,550,2568,1981,1666,3599,1,0,2,-1.01010101010101,2.47722095671982,0
8,560,2507,1210,1651,3390,1,0,3,-0.900360144057623,-5.80716865796054,50
8,570,2924,2343,1610,3776,1,1,8,-2.48334342822532,11.3864306784661,166.666666666667
8,580,2943,883,1619,3332,0,3,11,0.559006211180124,-11.7584745762712,37.5
8,590,3189,3431,1635,3667,1,1,17,0.988264360716492,10.0540216086435,54.5454545454545
8,600,3261,1228,1638,3474,6,5,21,0.18348623853211,-5.26315789473684,23.5294117647059
8,610,3137,2186,1648,3557,3,4,29,0.610500610500611,2.38917674150835,38.0952380952381
8,620,3063,1523,1600,3456,2,8,42,-2.9126213592233,-2.83947146471746,44.8275862068966
8,630,3513,2250,1601,3462,5,13,60,0.0625,0.173611111111111,42.8571428571429
8,640,3445,2511,1596,3496,7,13,79,-0.312304809494066,0.98209127671866,31.6666666666667
8,650,4053,1486,1543,3496,12,18,108,-3.32080200501253,0,36.7088607594937
8,660,4409,2652,1504,3507,17,23,146,-2.52754374594945,0.314645308924485,35.1851851851852
8,670,5190,2535,1467,3327,17,36,204,-2.46010638297872,-5.13259195893926,39.7260273972603
8,680,6418,4282,1379,3380,20,39,265,-5.9986366734833,1.59302675082657,29.9019607843137
8,690,9121,5160,1344,3137,23,61,339,-2.53807106598985,-7.18934911242604,27.9245283018868
8,700,12117,10439,1122,3134,36,71,428,-16.5178571428571,-0.0956327701625757,26.2536873156342
8,710,18681,11635,940,2891,44,76,533,-16.2210338680927,-7.75366943203574,24.5327102803738
8,720,27065,20382,685,2469,33,108,645,-27.1276595744681,-14.5970252507783,21.0131332082552
8,730,37799,36242,442,2018,20,102,638,-35.4744525547445,-18.2665046577562,-1.08527131782946
8,740,47518,53663,240,1589,20,80,560,-45.7013574660633,-21.2586719524281,-12.2257053291536
8,750,53545,67961,171,1200,12,68,374,-28.75,-24.4808055380743,-33.2142857142857
8,760,55925,76597,120,1294,8,41,188,-29.8245614035088,7.83333333333333,-49.7326203208556
8,770,57136,67944,126,1813,5,25,120,5,40.1081916537867,-36.1702127659574
8,780,56399,42989,148,2553,5,27,90,17.4603174603175,40.8163265306122,-25
8,790,55377,17712,192,3355,2,24,95,29.7297297297297,31.4140227183705,5.55555555555556
8,800,52991,3539,254,3293,3,40,113,32.2916666666667,-1.84798807749627,18.9473684210526
8,810,50737,4366,312,3296,1,41,141,22.8346456692913,0.0911023382933495,24.7787610619469
8,820,48348,4655,372,3486,6,43,175,19.2307692307692,5.76456310679612,24.113475177305
8,830,45504,3070,442,3205,2,55,231,18.8172043010753,-8.06081468732071,32
8,840,42821,6668,461,3254,11,66,274,4.29864253393665,1.52886115444618,18.6147186147186
8,850,43235,5991,435,3110,15,85,317,-5.63991323210412,-4.42532267977873,15.6934306569343
8,860,44206,9667,417,3105,10,80,386,-4.13793103448276,-0.160771704180064,21.7665615141956
8,870,45935,11491,352,2901,9,100,426,-15.5875299760192,-6.57004830917874,10.3626943005181
8,880,48365,18479,284,2687,10,95,475,-19.3181818181818,-7.37676663219579,11.5023474178404
8,890,51798,24409,213,2497,10,94,473,-25,-7.07108299218459,-0.421052631578947
8,900,54300,30162,153,2423,9,91,411,-28.169014084507,-2.96355626752103,-13.107822410148
8,910,56703,31332,119,2331,8,79,383,-22.2222222222222,-3.79694593479158,-6.81265206812652
8,920,57823,32654,91,2456,6,88,349,-23.5294117647059,5.36250536250536,-8.87728459530026
8,930,59108,26929,68,2583,2,75,310,-25.2747252747253,5.17100977198697,-11.1747851002865
8,940,59563,22445,55,2830,3,78,290,-19.1176470588235,9.56252419667054,-6.45161290322581
8,950,60235,15789,55,2986,3,75,299,0,5.51236749116608,3.10344827586207
8,960,60230,11505,49,2868,0,80,295,-10.9090909090909,-3.95177494976557,-1.33779264214047
8,970,60487,14630,49,3072,1,77,312,0,7.11297071129707,5.76271186440678
8,980,60359,10011,40,3021,3,78,329,-18.3673469387755,-1.66015625,5.44871794871795
8,990,60928,11766,27,2904,1,93,351,-32.5,-3.87288977159881,6.68693009118541
8,1000,61499,14355,21,2945,0,86,338,-22.2222222222222,1.41184573002755,-3.7037037037037
9,0,62500,125000,100,0,0,0,0,0,0,0
9,10,57511,125000,94,0,0,0,0,-6,0,0
9,20,57824,125000,127,0,0,0,0,35.1063829787234,0,0
9,30,56032,125000,191,0,0,0,0,50.3937007874016,0,0
9,40,52879,125000,274,0,0,0,0,43.455497382199,0,0
9,50,48844,125000,376,0,0,0,0,37.2262773722628,0,0
9,60,43693,125000,527,0,0,0,0,40.1595744680851,0,0
9,70,36543,125000,776,0,0,0,0,47.2485768500949,0,0
9,80,24817,125000,1033,0,0,0,0,33.1185567010309,0,0
9,90,15800,125000,1328,0,0,0,0,28.5575992255566,0,0
9,100,7544,125000,1586,0,0,0,0,19.4277108433735,0,0
9,110,3621,125000,1673,0,0,0,0,5.48549810844893,0,0
9,120,2327,125000,1640,0,0,0,0,-1.97250448296473,0,0
9,130,2848,125000,1698,0,0,0,0,3.53658536585366,0,0
9,140,2561,125000,1638,0,0,0,0,-3.53356890459364,0,0
9,150,3414,125000,1622,0,0,0,0,-0.976800976800977,0,0
9,160,3401,125000,1648,0,0,0,0,1.60295930949445,0,0
9,170,3006,125000,1631,0,0,0,0,-1.03155339805825,0,0
9,180,4020,125000,1647,0,0,0,0,0.980993255671367,0,0
9,190,2742,125000,1630,0,0,0,0,-1.03217972070431,0,0
9,200,2791,125000,1660,0,0,0,0,1.84049079754601,0,0
9,210,3898,125000,1541,0,13,0,41,-7.16867469879518,0,0
9,220,4086,125000,1576,0,8,0,20,2.27125243348475,0,-51.219512195122
9,230,3642,125000,1647,0,3,0,10,4.50507614213198,0,-50
9,240,3117,125000,1611,0,4,0,6,-2.18579234972678,0,-40
9,250,3182,125000,1622,0,0,0,5,0.682805710738672,0,-16.6666666666667
9,260,2603,125000,1662,0,0,0,3,2.46609124537608,0,-40
9,270,2513,125000,1688,0,1,0,1,1.56438026474128,0,-66.6666666666667
9,280,2026,125000,1669,0,0,0,0,-1.12559241706161,0,-100
9,290,2759,125000,1605,0,0,0,0,-3.83463151587777,0,0
9,300,3649,125000,1626,0,0,0,0,1.30841121495327,0,0
9,310,3103,125000,1700,0,0,0,0,4.5510455104551,0,0
9,320,2457,125000,1630,0,0,0,0,-4.11764705882353,0,0
9,330,3004,125000,1646,0,0,0,0,0.98159509202454,0,0
9,340,3158,125000,1644,0,0,0,0,-0.121506682867558,0,0
9,350,2714,125000,1654,0,0,0,0,0.608272506082725,0,0
9,360,2781,125000,1650,0,0,0,0,-0.241837968561064,0,0
9,370,2800,125000,1687,0,0,0,0,2.24242424242424,0,0
9,380,2579,125000,1625,0,0,0,0,-3.6751630112626,0,0
9,390,3351,125000,1674,0,0,0,0,3.01538461538462,0,0
9,400,2461,125000,1607,0,0,0,0,-4.00238948626045,0,0
9,410,3125,119937,1652,101,0,0,0,2.80024891101431,0,0
9,420,3009,119892,1665,241,0,0,0,0.786924939467312,138.613861386139,0
9,430,2882,112609,1657,391,0,0,0,-0.48048048048048,62.2406639004149,0
9,440,3028,105425,1658,699,0,0,0,0.0603500301750151,78.772378516624,0
9,450,3040,90411,1636,1299,0,0,0,-1.32689987937274,85.8369098712446,0
9,460,3462,60254,1602,2273,0,0,0,-2.07823960880196,74.9807544264819,0
9,470,3357,21513,1654,3629,0,0,0,3.24594257178527,59.6568411790585,0
9,480,3005,3011,1591,3125,0,0,0,-3.80894800483676,-13.8881234499862,0
9,490,3260,4832,1673,3782,0,0,0,5.15399120050283,21.024,0
9,500,2703,1189,1683,3332,0,0,0,0.597728631201435,-11.8984664198837,0
9,510,2577,2551,1660,3668,0,0,0,-1.36660724896019,10.0840336134454,0
9,520,2875,1037,1622,3422,0,0,0,-2.28915662650602,-6.70665212649945,0
9,530,3012,3217,1601,3561,0,0,0,-1.29469790382244,4.06195207481005,0
9,540,3527,1198,1704,3593,0,0,0,6.43347907557776,0.89862398202752,0
9,550,3126,1932,1592,3484,0,0,0,-6.57276995305164,-3.03367659337601,0
9,560,4036,2279,1645,3601,0,0,0,3.32914572864322,3.35820895522388,0
9,570,2994,1303,1630,3470,0,0,0,-0.911854103343465,-3.63787836712024,0
9,580,2997,2013,1626,3548,0,0,0,-0.245398773006135,2.2478386167147,0
9,590,3045,2081,1676,3631,0,0,0,3.0750307503075,2.33934611048478,0
9,600,2234,1906,1688,3482,0,0,0,0.715990453460621,-4.10355274029193,0
9,610,2219,1541,1653,3609,0,0,0,-2.07345971563981,3.64732912119472,0
9,620,2458,1575,1634,3588,0,0,0,-1.14942528735632,-0.58187863674148,0
9,630,3425,1503,1651,3472,0,0,0,1.04039167686659,-3.2329988851728,0
9,640,2568,1712,1612,3591,0,0,0,-2.36220472440945,3.42741935483871,0
9,650,2397,1714,1687,3490,0,0,0,4.65260545905707,-2.81258702311334,0
9,660,2645,1757,1664,3564,0,0,0,-1.3633669235329,2.12034383954155,0
9,670,2348,1533,1680,3595,0,0,0,0.961538461538462,0.869809203142537,0
9,680,2370,1677,1624,3556,0,0,0,-3.33333333333333,-1.08484005563282,0
9,690,3349,1278,1668,3550,0,0,0,2.70935960591133,-0.168728908886389,0
9,700,2893,1653,1632,3482,0,0,0,-2.15827338129496,-1.91549295774648,0
9,710,3441,1768,1608,3604,0,0,0,-1.47058823529412,3.50373348650201,0
9,720,3129,1768,1680,3401,0,0,0,4.47761194029851,-5.63263041065483,0
9,730,2267,2663,1646,3722,0,0,0,-2.02380952380952,9.43840047044987,0
9,740,3194,709,1616,3427,0,0,0,-1.82260024301337,-7.92584631918323,0
9,750,3147,2685,1654,3643,0,0,0,2.35148514851485,6.30288882404435,0
9,760,3200,1240,1625,3587,0,0,0,-1.75332527206771,-1.53719461981883,0
9,770,2999,1568,1666,3442,0,0,0,2.52307692307692,-4.04237524393644,0
9,780,2734,2272,1666,3673,0,0,0,0,6.71121441022661,0
9,790,2635,1120,1643,3379,0,0,0,-1.38055222088836,-8.00435611216989,0
9,800,2841,2634,1669,3608,0,0,0,1.58247108947048,6.77715300384729,0
9,810,2104,1410,1620,3502,0,0,0,-2.93588975434392,-2.93791574279379,0
9,820,3221,2107,1644,3669,0,0,0,1.48148148148148,4.76870359794403,0
9,830,3185,1132,1672,3407,0,0,0,1.70316301703163,-7.14091032979013,0
9,840,2642,2311,1658,3657,0,0,0,-0.837320574162679,7.33783387144115,0
9,850,2432,1727,1628,3497,0,0,0,-1.80940892641737,-4.37517090511348,0
9,860,2656,1623,1666,3493,0,0,0,2.33415233415233,-0.114383757506434,0
9,870,2510,2340,1682,3593,0,0,0,0.960384153661465,2.86286859433152,0
9,880,2728,1252,1616,3589,0,0,0,-3.92390011890606,-0.111327581408294,0
9,890,3540,1894,1676,3430,0,0,0,3.71287128712871,-4.43020339927556,0
9,900,2463,2236,1659,3603,0,0,0,-1.01431980906921,5.04373177842566,0
9,910,2668,2044,1654,3410,0,0,0,-0.301386377335744,-5.35664723841243,0
9,920,3435,1758,1588,3694,0,0,0,-3.99032648125756,8.32844574780059,0
9,930,3048,1219,1674,3493,0,0,0,5.41561712846348,-5.44125609095831,0
9,940,2692,1462,1649,3598,0,0,0,-1.49342891278375,3.0060120240481,0
9,950,2636,1698,1635,3530,0,0,0,-0.848999393571862,-1.8899388549194,0
9,960,3113,1265,1671,3574,0,0,0,2.20183486238532,1.24645892351275,0
9,970,2822,1738,1685,3589,0,0,0,0.837821663674446,0.419697817571349,0
9,980,2453,1398,1618,3494,0,0,0,-3.97626112759644,-2.646976873781,0
9,990,2965,2007,1657,3535,0,0,0,2.41038318912237,1.17344018317115,0
9,1000,3356,1583,1671,3476,0,0,0,0.844900422450211,-1.66902404526167,0
10,0,62500,125000,100,0,0,0,0,0,0,0
10,10,57726,125000,95,0,0,0,0,-5,0,0
10,20,57790,125000,131,0,0,0,0,37.8947368421053,0,0
10,30,56006,125000,180,0,0,0,0,37.4045801526718,0,0
10,40,53728,125000,252,0,0,0,0,40,0,0
10,50,49885,125000,354,0,0,0,0,40.4761904761905,0,0
10,60,44782,125000,503,0,0,0,0,42.090395480226,0,0
10,70,37849,125000,689,0,0,0,0,36.9781312127237,0,0
10,80,28830,125000,957,0,0,0,0,38.8969521044993,0,0
10,90,18111,125000,1255,0,0,0,0,31.1389759665622,0,0
10,100,9766,125000,1518,0,0,0,0,20.9561752988048,0,0
10,110,3852,125000,1630,0,0,0,0,7.37812911725955,0,0
10,120,3742,125000,1636,0,0,0,0,0.368098159509202,0,0
10,130,3467,125000,1604,0,0,0,0,-1.9559902200489,0,0
10,140,3253,125000,1663,0,0,0,0,3.6783042394015,0,0
10,150,2920,125000,1656,0,0,0,0,-0.42092603728202,0,0
10,160,2761,125000,1671,0,0,0,0,0.905797101449275,0,0
10,170,2544,125000,1612,0,0,0,0,-3.53081986834231,0,0
10,180,3413,125000,1644,0,0,0,0,1.98511166253102,0,0
10,190,3505,125000,1603,0,0,0,0,-2.49391727493917,0,0
10,200,2922,125000,1666,0,0,0,0,3.93013100436681,0,0
10,210,4064,125000,1489,0,17,0,43,-10.62424969988,0,0
10,220,4265,125000,1578,0,9,0,26,5.97716588314305,0,-39.5348837209302
10,230,3715,125000,1587,0,6,0,17,0.570342205323194,0,-34.6153846153846
10,240,3076,125000,1649,0,3,0,7,3.9067422810334,0,-58.8235294117647
10,250,2698,125000,1656,0,3,0,6,0.424499696785931,0,-14.2857142857143
10,260,3403,125000,1630,0,0,0,7,-1.57004830917874,0,16.6666666666667
10,270,3140,125000,1630,0,2,0,5,0,0,-28.5714285714286
10,280,2306,125000,1665,0,1,0,3,2.14723926380368,0,-40
10,290,2499,125000,1637,0,1,0,2,-1.68168168168168,0,-33.3333333333333
10,300,3211,125000,1642,0,2,0,2,0.30543677458766,0,0
10,310,2745,125000,1678,0,0,0,2,2.19244823386114,0,0
10,320,2809,125000,1642,0,2,0,2,-2.14541120381406,0,0
10,330,2534,125000,1640,0,1,0,1,-0.121802679658953,0,-50
10,340,3179,125000,1635,0,0,0,0,-0.304878048780488,0,-100
10,350,3066,125000,1671,0,0,0,0,2.20183486238532,0,0
10,360,2137,125000,1640,0,0,0,0,-1.85517654099342,0,0
10,370,2926,125000,1624,0,0,0,0,-0.975609756097561,0,0
10,380,2700,125000,1671,0,0,0,0,2.89408866995074,0,0
10,390,2310,125000,1676,0,0,0,0,0.299222022740874,0,0
10,400,3019,125000,1639,0,0,0,0,-2.20763723150358,0,0
10,410,3094,119899,1620,105,0,0,0,-1.15924344112264,0,0
10,420,3061,119672,1642,221,0,0,0,1.35802469135802,110.47619047619,0
10,430,2733,113908,1691,393,0,0,0,2.98416565164434,77.8280542986425,0
10,440,2895,105461,1659,679,0,0,0,-1.89237137788291,72.7735368956743,0
10,450,2750,91200,1622,1263,0,0,0,-2.23025919228451,86.0088365243004,0
10,460,2891,61795,1649,2264,0,0,0,1.66461159062885,79.2557403008709,0
10,470,3190,21338,1632,3471,0,0,0,-1.03092783505155,53.3127208480565,0
10,480,2839,2938,1645,3414,0,0,0,0.79656862745098,-1.64217804667243,0
10,490,2961,2411,1673,3548,0,0,0,1.70212765957447,3.92501464557704,0
10,500,2464,1567,1637,3564,0,0,0,-2.15182307232516,0.450958286358512,0
10,510,3207,1924,1662,3552,0,0,0,1.5271838729383,-0.336700336700337,0
10,520,2958,1101,1629,3463,0,0,0,-1.985559566787,-2.50563063063063,0
10,530,2905,2519,1674,3624,0,0,0,2.76243093922652,4.64914813745307,0
10,540,2505,1091,1661,3497,0,0,0,-0.776583034647551,-3.50441501103753,0
10,550,2894,2605,1644,3630,0,0,0,-1.02347983142685,3.80325993708893,0
10,560,3092,1835,1633,3433,0,0,0,-0.669099756690998,-5.42699724517906,0
10,570,3164,2503,1621,3626,0,0,0,-0.734843845682792,5.62190503932421,0
10,580,3811,1807,1621,3457,0,0,0,0,-4.6607832322118,0
10,590,3360,1761,1675,3606,0,0,0,3.33127698951265,4.31009545849002,0
10,600,2935,1574,1627,3420,0,0,0,-2.86567164179104,-5.15806988352745,0
10,610,3103,1728,1658,3682,0,0,0,1.90534726490473,7.66081871345029,0
10,620,2822,966,1639,3511,0,0,0,-1.145958986731,-4.64421510048886,0
10,630,2161,1837,1688,3592,0,0,0,2.98962782184259,2.3070350327542,0
10,640,2344,1419,1629,3522,0,0,0,-3.49526066350711,-1.94877505567929,0
10,650,2770,2120,1705,3529,0,0,0,4.66543891958257,0.198750709823964,0
10,660,2625,1988,1675,3596,0,0,0,-1.75953079178886,1.898554831397,0
10,670,2404,1372,1617,3544,0,0,0,-3.46268656716418,-1.4460511679644,0
10,680,3020,1641,1668,3568,0,0,0,3.15398886827458,0.677200902934537,0
10,690,2743,1521,1676,3452,0,0,0,0.479616306954436,-3.25112107623318,0
10,700,2731,1459,1608,3646,0,0,0,-4.05727923627685,5.61993047508691,0
10,710,3595,816,1639,3485,0,0,0,1.92786069651741,-4.4157981349424,0
10,720,2811,1901,1669,3590,0,0,0,1.83038438071995,3.012912482066,0
10,730,2111,1290,1707,3527,0,0,0,2.27681246255243,-1.75487465181058,0
10,740,2019,1613,1669,3639,0,0,0,-2.22612770943175,3.17550326056138,0
10,750,2195,1327,1676,3476,0,0,0,0.419412822049131,-4.47925254190712,0
10,760,2361,1742,1612,3633,0,0,0,-3.81861575178998,4.51668584579977,0
10,770,2963,1322,1640,3514,0,0,0,1.73697270471464,-3.27552986512524,0
10,780,3385,1998,1669,3522,0,0,0,1.76829268292683,0.22766078542971,0
10,790,2557,1293,1668,3571,0,0,0,-0.0599161174355902,1.39125496876775,0
10,800,3140,1506,1600,3518,0,0,0,-4.07673860911271,-1.48417810137216,0
10,810,3947,2403,1636,3522,0,0,0,2.25,0.113700966458215,0
10,820,3156,1667,1633,3618,0,0,0,-0.183374083129584,2.72572402044293,0
10,830,2781,1281,1650,3529,0,0,0,1.04102878138396,-2.45992260917634,0
10,840,2495,1759,1699,3599,0,0,0,2.96969696969697,1.98356474922074,0
10,850,1783,1292,1684,3424,0,0,0,-0.882872277810477,-4.86246179494304,0
10,860,2264,2357,1643,3591,0,0,0,-2.43467933491686,4.87733644859813,0
10,870,2581,1050,1688,3521,0,0,0,2.73889227023737,-1.94931773879142,0
10,880,2858,1660,1614,3655,0,0,0,-4.38388625592417,3.80573700653224,0
10,890,3122,1832,1705,3416,0,0,0,5.63816604708798,-6.5389876880985,0
10,900,2323,1580,1639,3637,0,0,0,-3.87096774193548,6.46955503512881,0
10,910,2516,2133,1656,3484,0,0,0,1.03721781574131,-4.20676381633214,0
10,920,2795,1881,1614,3599,0,0,0,-2.53623188405797,3.300803673938,0
10,930,3188,2358,1700,3433,0,0,0,5.32837670384139,-4.61239233120311,0
10,940,2832,2674,1640,3633,0,0,0,-3.52941176470588,5.82580833090591,0
10,950,3736,876,1578,3527,0,0,0,-3.78048780487805,-2.9176988714561,0
10,960,3403,2192,1661,3558,0,0,0,5.25982256020279,0.878933938191097,0
10,970,2323,1641,1640,3503,0,0,0,-1.26429861529199,-1.54581225407532,0
10,980,2892,1832,1644,3613,0,0,0,0.24390243902439,3.14016557236654,0
10,990,2939,1540,1691,3436,0,0,0,2.85888077858881,-4.89897592028785,0
10,1000,2434,1801,1606,3644,0,0,0,-5.02661147250148,6.05355064027939,0
