timeStep,resource1amount,resource2amount,prey1PopulationSize,prey2PopulationSize,prey1catches,prey2catches,predator1PopulationSize
0,250000,250000,0,4000,0,0,300
1,250000,230149,0,3934,0,68,300
2,250000,210690,0,3873,0,64,300
3,250000,191449,0,3815,0,63,300
4,250000,172159,0,3759,0,59,300
5,250000,153443,0,3691,0,73,300
6,250000,135141,0,3628,0,68,300
7,250000,117019,0,3587,0,43,300
8,250000,99629,0,3534,0,56,300
9,250000,82670,0,3479,0,56,300
10,250000,66858,0,2794,0,64,187
11,250000,235918,0,2772,0,25,187
12,250000,222242,0,2745,0,27,187
13,250000,208489,0,2717,0,28,187
14,250000,195100,0,2682,0,36,187
15,250000,181957,0,2648,0,36,187
16,250000,169037,0,2625,0,23,187
17,250000,155863,0,2605,0,21,187
18,250000,142900,0,2572,0,33,187
19,250000,130348,0,2547,0,25,187
20,250000,117656,0,2647,0,25,139
21,250000,236689,0,2629,0,18,139
22,250000,223585,0,2610,0,19,139
23,250000,210693,0,2584,0,27,139
24,250000,197644,0,2562,0,22,139
25,250000,184830,0,2544,0,18,139
26,250000,172269,0,2525,0,19,139
27,250000,159585,0,2504,0,23,139
28,250000,147194,0,2486,0,18,139
29,250000,134888,0,2464,0,22,139
30,250000,122987,0,2938,0,21,96
31,250000,235213,0,2916,0,22,96
32,250000,220907,0,2900,0,16,96
33,250000,206975,0,2886,0,14,96
34,250000,192307,0,2864,0,22,96
35,250000,178211,0,2850,0,14,96
36,250000,163943,0,2835,0,15,96
37,250000,149811,0,2821,0,14,96
38,250000,135829,0,2804,0,17,96
39,250000,122010,0,2788,0,18,96
40,250000,108226,0,3393,0,14,85
41,250000,233046,0,3378,0,15,85
42,250000,216036,0,3359,0,19,85
43,250000,199270,0,3341,0,18,85
44,250000,182380,0,3326,0,15,85
45,250000,165773,0,3308,0,18,85
46,250000,149420,0,3292,0,16,85
47,250000,133115,0,3279,0,13,85
48,250000,117262,0,3265,0,15,85
49,250000,101747,0,3249,0,16,85
50,250000,87081,0,3919,0,7,74
51,250000,230193,0,3903,0,17,74
52,250000,210924,0,3884,0,19,74
53,250000,191530,0,3866,0,19,74
54,250000,172405,0,3841,0,25,74
55,250000,153080,0,3821,0,20,74
56,250000,134167,0,3809,0,12,74
57,250000,115443,0,3796,0,13,74
58,250000,97193,0,3776,0,20,74
59,250000,80298,0,3756,0,20,74
60,250000,65110,0,4383,0,17,84
61,250000,228040,0,4356,0,28,84
62,250000,206178,0,4334,0,22,84
63,250000,184457,0,4313,0,22,84
64,250000,162664,0,4293,0,22,84
65,250000,141562,0,4277,0,16,84
66,250000,120134,0,4263,0,15,84
67,250000,99249,0,4247,0,16,84
68,250000,79653,0,4233,0,14,84
69,250000,62276,0,4216,0,17,84
70,250000,46999,0,4689,0,22,95
71,250000,226132,0,4659,0,31,95
72,250000,202809,0,4633,0,26,95
73,250000,179938,0,4610,0,23,95
74,250000,156535,0,4584,0,26,95
75,250000,133651,0,4557,0,27,95
76,250000,110953,0,4530,0,28,95
77,250000,89476,0,4506,0,24,95
78,250000,69330,0,4483,0,23,95
79,250000,52526,0,4466,0,17,95
80,250000,38104,0,4950,0,22,95
81,250000,225508,0,4925,0,25,95
82,250000,200561,0,4893,0,34,95
83,250000,176075,0,4867,0,26,95
84,250000,151648,0,4843,0,24,95
85,250000,127663,0,4829,0,14,95
86,250000,104598,0,4810,0,20,95
87,250000,82601,0,4788,0,22,95
88,250000,62838,0,4770,0,18,95
89,250000,46197,0,4754,0,17,95
90,250000,32979,0,5182,0,16,114
91,250000,224181,0,5150,0,33,114
92,250000,198536,0,5106,0,45,114
93,250000,173335,0,5082,0,24,114
94,250000,148429,0,5062,0,21,114
95,250000,123210,0,5033,0,31,114
96,250000,98411,0,5004,0,29,114
97,250000,74990,0,4973,0,32,114
98,250000,54488,0,4948,0,25,114
99,250000,37403,0,4928,0,20,114
100,250000,23922,0,5229,0,22,122
101,250000,224109,0,5194,0,35,122
102,250000,198146,0,5164,0,31,122
103,250000,172848,0,5128,0,37,122
104,250000,147628,0,5101,0,27,122
105,250000,122121,0,5069,0,32,122
106,250000,97439,0,5045,0,25,122
107,250000,73989,0,5022,0,24,122
108,250000,53276,0,4991,0,32,122
109,250000,36136,0,4967,0,26,122
110,250000,23337,0,5237,0,31,124
111,250000,223757,0,5201,0,38,124
112,250000,197790,0,5171,0,32,124
113,250000,171931,0,5137,0,35,124
114,250000,146336,0,5112,0,25,124
115,250000,121383,0,5075,0,37,124
116,250000,97188,0,5050,0,26,124
117,250000,74038,0,5022,0,30,124
118,250000,52514,0,4997,0,25,124
119,250000,35056,0,4971,0,28,124
120,250000,22285,0,5280,0,17,134
121,250000,223691,0,5246,0,36,134
122,250000,197456,0,5210,0,38,134
123,250000,171333,0,5176,0,35,134
124,250000,145477,0,5143,0,33,134
125,250000,120707,0,5109,0,35,134
126,250000,95620,0,5075,0,35,134
127,250000,72442,0,5048,0,27,134
128,250000,51140,0,5021,0,30,134
129,250000,33985,0,4986,0,36,134
130,250000,21902,0,5205,0,25,151
131,250000,223810,0,5178,0,27,151
132,250000,197998,0,5138,0,41,151
133,250000,172526,0,5092,0,51,151
134,250000,146934,0,5051,0,42,151
135,250000,121478,0,5012,0,40,151
136,250000,96787,0,4967,0,47,151
137,250000,73868,0,4930,0,38,151
138,250000,53023,0,4898,0,32,151
139,250000,35414,0,4861,0,39,151
140,250000,22773,0,5229,0,28,174
141,250000,223976,0,5183,0,47,174
142,250000,198111,0,5136,0,50,174
143,250000,172169,0,5091,0,46,174
144,250000,146373,0,5046,0,47,174
145,250000,121036,0,4995,0,52,174
146,250000,96879,0,4956,0,43,174
147,250000,74582,0,4918,0,41,174
148,250000,54115,0,4885,0,35,174
149,250000,37158,0,4855,0,34,174
150,250000,24083,0,5188,0,36,185
151,250000,224484,0,5133,0,56,185
152,250000,199047,0,5070,0,67,185
153,250000,173274,0,5028,0,44,185
154,250000,148335,0,4975,0,54,185
155,250000,123754,0,4939,0,37,185
156,250000,99293,0,4889,0,52,185
157,250000,76788,0,4845,0,48,185
158,250000,56442,0,4803,0,45,185
159,250000,40028,0,4761,0,42,185
160,250000,26888,0,5017,0,37,224
161,250000,224231,0,4969,0,55,224
162,250000,199245,0,4909,0,64,224
163,250000,174688,0,4835,0,76,224
164,250000,150482,0,4774,0,65,224
165,250000,126437,0,4722,0,60,224
166,250000,103892,0,4682,0,42,224
167,250000,82372,0,4639,0,46,224
168,250000,62140,0,4593,0,49,224
169,250000,44436,0,4550,0,44,224
170,250000,30879,0,5022,0,33,236
171,250000,224618,0,4959,0,68,236
172,250000,199775,0,4900,0,64,236
173,250000,175490,0,4843,0,60,236
174,250000,151455,0,4791,0,53,236
175,250000,127496,0,4735,0,61,236
176,250000,104130,0,4680,0,57,236
177,250000,82162,0,4620,0,62,236
178,250000,61994,0,4576,0,45,236
179,250000,44158,0,4535,0,44,236
180,250000,29946,0,4925,0,53,256
181,250000,225396,0,4864,0,69,256
182,250000,200956,0,4810,0,60,256
183,250000,176778,0,4746,0,72,256
184,250000,152867,0,4687,0,59,256
185,250000,129659,0,4623,0,74,256
186,250000,107038,0,4556,0,71,256
187,250000,85240,0,4505,0,53,256
188,250000,65458,0,4447,0,58,256
189,250000,48253,0,4397,0,52,256
190,250000,34440,0,4895,0,49,284
191,250000,225740,0,4818,0,82,284
192,250000,201731,0,4756,0,68,284
193,250000,177453,0,4688,0,73,284
194,250000,154144,0,4626,0,66,284
195,250000,130848,0,4565,0,68,284
196,250000,108400,0,4507,0,63,284
197,250000,87519,0,4445,0,67,284
198,250000,67805,0,4392,0,60,284
199,250000,50646,0,4341,0,52,284
200,250000,36968,0,4703,0,57,304
201,250000,226261,0,4631,0,81,304
202,250000,203129,0,4553,0,83,304
203,250000,180130,0,4482,0,77,304
204,250000,157807,0,4406,0,81,304
205,250000,135667,0,4340,0,72,304
206,250000,114580,0,4280,0,65,304
207,250000,93928,0,4231,0,55,304
208,250000,74428,0,4168,0,65,304
209,250000,57276,0,4117,0,54,304
210,250000,42868,0,4550,0,56,312
211,250000,227269,0,4479,0,76,312
212,250000,204825,0,4416,0,69,312
213,250000,183079,0,4343,0,84,312
214,250000,161614,0,4277,0,71,312
215,250000,140216,0,4224,0,57,312
216,250000,119414,0,4152,0,74,312
217,250000,99904,0,4092,0,66,312
218,250000,81081,0,4036,0,58,312
219,250000,64628,0,3976,0,65,312
220,250000,50297,0,4386,0,57,321
221,250000,227756,0,4314,0,79,321
222,250000,206283,0,4253,0,64,321
223,250000,185035,0,4174,0,87,321
224,250000,164007,0,4103,0,78,321
225,250000,143504,0,4038,0,67,321
226,250000,123434,0,3976,0,67,321
227,250000,104191,0,3918,0,61,321
228,250000,86001,0,3860,0,60,321
229,250000,69062,0,3807,0,57,321
230,250000,54257,0,4296,0,44,334
231,250000,228353,0,4227,0,73,334
232,250000,207146,0,4140,0,93,334
233,250000,186659,0,4059,0,89,334
234,250000,166037,0,3995,0,71,334
235,250000,145903,0,3924,0,79,334
236,250000,126402,0,3862,0,66,334
237,250000,107549,0,3800,0,71,334
238,250000,89773,0,3729,0,76,334
239,250000,73212,0,3667,0,65,334
240,250000,57940,0,4224,0,69,343
241,250000,228802,0,4145,0,87,343
242,250000,208483,0,4078,0,74,343
243,250000,188342,0,4013,0,72,343
244,250000,168376,0,3930,0,84,343
245,250000,148697,0,3860,0,78,343
246,250000,129416,0,3802,0,60,343
247,250000,111070,0,3731,0,74,343
248,250000,93301,0,3673,0,61,343
249,250000,77095,0,3610,0,71,343
250,250000,62223,0,4143,0,47,331
251,250000,229277,0,4061,0,92,331
252,250000,209083,0,3986,0,81,331
253,250000,189328,0,3919,0,75,331
254,250000,169953,0,3859,0,66,331
255,250000,150724,0,3801,0,62,331
256,250000,131629,0,3726,0,80,331
257,250000,113437,0,3675,0,56,331
258,250000,95923,0,3628,0,53,331
259,250000,79282,0,3575,0,55,331
260,250000,64665,0,4077,0,48,340
261,250000,229311,0,3996,0,88,340
262,250000,209314,0,3918,0,82,340
263,250000,189930,0,3845,0,79,340
264,250000,170459,0,3774,0,76,340
265,250000,151800,0,3710,0,68,340
266,250000,133514,0,3650,0,63,340
267,250000,115654,0,3575,0,77,340
268,250000,97989,0,3518,0,58,340
269,250000,81367,0,3463,0,59,340
270,250000,66437,0,4023,0,52,352
271,250000,229817,0,3949,0,86,352
272,250000,210354,0,3878,0,77,352
273,250000,190987,0,3800,0,89,352
274,250000,172112,0,3724,0,80,352
275,250000,153496,0,3654,0,73,352
276,250000,135211,0,3587,0,74,352
277,250000,117560,0,3517,0,72,352
278,250000,100482,0,3460,0,64,352
279,250000,84400,0,3406,0,58,352
280,250000,69343,0,4004,0,49,344
281,250000,229966,0,3926,0,89,344
282,250000,210251,0,3857,0,74,344
283,250000,190714,0,3782,0,81,344
284,250000,171925,0,3710,0,77,344
285,250000,152938,0,3641,0,75,344
286,250000,135090,0,3581,0,60,344
287,250000,117520,0,3525,0,58,344
288,250000,100238,0,3464,0,65,344
289,250000,84090,0,3398,0,68,344
290,250000,69110,0,3857,0,68,341
291,250000,230696,0,3797,0,61,341
292,250000,211894,0,3727,0,77,341
293,250000,193561,0,3652,0,78,341
294,250000,175660,0,3588,0,71,341
295,250000,157964,0,3517,0,76,341
296,250000,140490,0,3456,0,65,341
297,250000,123414,0,3403,0,55,341
298,250000,106582,0,3341,0,65,341
299,250000,90213,0,3288,0,58,341
300,250000,74990,0,3883,0,60,333
301,249486,230534,100,3810,0,77,333
302,249013,211768,97,3745,3,71,333
303,248490,193063,96,3678,1,74,333
304,247993,174884,95,3608,1,77,333
305,247505,156885,95,3532,0,80,333
306,247075,139384,94,3469,1,69,333
307,246636,122473,93,3413,1,59,333
308,246228,106117,89,3362,4,52,333
309,245750,90419,89,3317,0,49,333
310,245333,75953,84,3844,1,54,318
311,249564,230992,84,3789,0,57,318
312,249146,212149,82,3721,2,75,318
313,248717,193883,80,3657,2,68,318
314,248323,175429,79,3587,1,75,318
315,247886,157476,79,3525,0,67,318
316,247532,139866,77,3454,2,73,318
317,247115,122988,76,3401,1,56,318
318,246758,106876,76,3362,0,39,318
319,246413,91163,75,3306,1,58,318
320,246058,76479,102,3848,1,55,306
321,249436,230574,99,3785,3,68,306
322,248919,211770,97,3727,2,65,306
323,248426,193077,96,3661,1,69,306
324,247982,174702,95,3603,1,60,306
325,247457,156527,93,3542,2,71,306
326,246995,139076,92,3486,1,57,306
327,246547,121700,88,3438,5,52,306
328,246098,105120,88,3386,0,56,306
329,245653,89246,87,3335,1,52,306
330,245184,74660,122,3883,1,50,304
331,249406,230446,119,3822,3,64,304
332,248795,211058,115,3758,4,70,304
333,248265,192370,114,3699,1,64,304
334,247672,173871,110,3640,4,65,304
335,247121,155878,109,3580,1,64,304
336,246593,137818,105,3523,4,58,304
337,246107,120372,103,3460,2,64,304
338,245636,103984,99,3412,4,51,304
339,245151,87785,97,3360,2,54,304
340,244631,73058,136,3936,0,50,321
341,249287,230469,135,3871,1,71,321
342,248650,211385,129,3806,6,72,321
343,247987,192494,123,3738,6,75,321
344,247429,173589,121,3681,2,63,321
345,246875,155187,118,3606,3,79,321
346,246259,136758,115,3544,3,64,321
347,245667,118750,113,3472,2,72,321
348,245141,101570,112,3418,1,57,321
349,244560,85604,112,3361,0,59,321
350,244032,70503,156,3924,3,62,332
351,249191,229928,153,3852,3,75,332
352,248417,210688,147,3788,6,67,332
353,247679,191429,143,3716,4,82,332
354,246958,172881,141,3652,2,70,332
355,246255,154515,140,3605,1,50,332
356,245639,136882,139,3537,1,71,332
357,244881,119564,133,3470,6,71,332
358,244234,102925,132,3425,1,48,332
359,243531,87350,131,3377,1,53,332
360,242894,72820,179,3928,2,57,330
361,249131,230540,173,3864,6,66,330
362,248268,211550,169,3782,4,90,330
363,247422,192798,165,3714,4,72,330
364,246603,174186,161,3641,4,79,330
365,245778,156057,160,3578,1,70,330
366,245004,138186,157,3514,3,67,330
367,244150,120865,152,3460,5,55,330
368,243388,103954,149,3402,3,63,330
369,242645,87748,143,3349,6,55,330
370,241924,72861,199,3873,1,57,329
371,248935,230304,196,3808,3,75,329
372,247908,211148,189,3734,7,80,329
373,246945,192514,184,3679,5,57,329
374,246051,174397,183,3614,1,73,329
375,245092,156297,179,3556,4,62,329
376,244232,138168,177,3503,2,57,329
377,243326,120777,173,3455,4,50,329
378,242461,103761,169,3396,4,61,329
379,241583,87466,165,3340,4,59,329
380,240740,72624,230,3897,5,53,313
381,248842,230950,222,3833,8,68,313
382,247716,211857,214,3770,8,64,313
383,246627,192781,212,3704,2,70,313
384,245679,174200,204,3647,8,62,313
385,244564,155813,204,3578,0,74,313
386,243558,137762,200,3526,4,55,313
387,242663,120220,197,3469,3,62,313
388,241656,103154,195,3412,3,58,313
389,240671,86950,192,3371,3,42,313
390,239754,72170,268,3982,3,42,313
391,248567,229828,263,3927,5,59,313
392,247274,210002,260,3850,3,84,313
393,245970,191175,256,3784,4,70,313
394,244731,172371,251,3723,5,64,313
395,243466,153616,247,3657,4,70,313
396,242286,135151,244,3598,3,65,313
397,241117,117361,237,3542,7,60,313
398,239882,100492,234,3484,3,63,313
399,238706,84328,233,3434,1,51,313
400,237512,69701,327,4011,5,38,319
401,248350,229904,324,3933,3,84,319
402,246710,210220,318,3872,6,69,319
403,245054,191051,305,3809,13,72,319
404,243473,172093,299,3741,6,71,319
405,241875,153610,295,3686,4,59,319
406,240437,135142,288,3630,7,61,319
407,239186,117620,285,3570,3,63,319
408,237721,100802,284,3517,1,58,319
409,236386,84825,279,3473,5,45,319
410,235001,69591,400,3982,0,46,321
411,247972,230045,394,3906,6,82,321
412,245998,210644,386,3839,8,70,321
413,244023,191626,382,3770,4,76,321
414,242065,172680,376,3699,6,79,321
415,240148,154425,366,3637,10,69,321
416,238345,136745,360,3587,6,54,321
417,236542,119430,357,3525,3,63,321
418,234734,102557,352,3477,5,51,321
419,233073,86336,348,3430,4,47,321
420,231271,71915,503,3919,4,44,319
421,247604,230268,495,3845,8,76,319
422,245164,210758,483,3775,12,79,319
423,242813,192041,472,3724,11,55,319
424,240508,173267,470,3660,2,70,319
425,238232,154924,460,3600,10,63,319
426,235932,136895,450,3542,10,60,319
427,233647,119187,447,3494,3,51,319
428,231404,102646,438,3435,9,62,319
429,229238,86906,434,3382,4,56,319
430,226998,72521,570,3909,6,51,329
431,247165,230512,563,3834,8,78,329
432,244361,211747,553,3778,10,62,329
433,241701,192799,546,3709,7,76,329
434,239028,174644,535,3647,11,64,329
435,236386,156262,526,3588,9,62,329
436,233785,138768,516,3526,10,71,329
437,231251,121275,511,3468,5,61,329
438,228832,104730,508,3419,3,55,329
439,226304,88668,497,3371,11,52,329
440,223828,74318,683,3846,5,46,343
441,246606,230723,677,3778,6,79,343
442,243183,212011,662,3696,15,88,343
443,239766,193459,653,3625,9,76,343
444,236433,175371,636,3567,17,61,343
445,233132,157685,626,3504,10,69,343
446,229979,140345,615,3444,11,61,343
447,226921,123136,605,3389,10,60,343
448,223990,106976,592,3329,13,64,343
449,221227,91378,580,3281,12,48,343
450,218282,76398,776,3877,11,50,366
451,246151,230283,762,3800,14,82,366
452,242263,211388,750,3726,13,78,366
453,238464,192346,732,3659,18,75,366
454,234752,174230,715,3592,17,72,366
455,231088,155962,698,3527,18,69,366
456,227606,138556,677,3460,21,69,366
457,224123,121520,664,3402,13,62,366
458,220734,104798,654,3341,10,66,366
459,217567,89471,640,3294,14,48,366
460,214301,74666,907,3790,13,59,384
461,245498,230752,891,3707,16,94,384
462,241042,212190,868,3634,23,81,384
463,236627,194291,850,3564,19,73,384
464,232415,176440,835,3499,15,71,384
465,228247,158838,817,3437,18,69,384
466,224205,141711,800,3372,17,69,384
467,220134,124836,781,3305,19,68,384
468,216108,108881,769,3258,12,49,384
469,212305,93472,753,3210,17,51,384
470,208531,79519,1037,3736,12,51,394
471,244755,231097,1013,3676,24,70,394
472,239698,212669,990,3594,23,86,394
473,234842,194658,970,3533,20,65,394
474,229936,177142,943,3471,28,69,394
475,225208,159753,925,3402,19,72,394
476,220629,142587,900,3341,25,67,394
477,216027,125928,879,3277,21,68,394
478,211644,109911,855,3226,24,54,394
479,207369,95169,842,3172,15,58,394
480,203181,81132,1157,3673,12,51,423
481,244238,231595,1127,3594,30,87,423
482,238719,213421,1090,3516,39,83,423
483,233385,195960,1060,3440,31,85,423
484,228092,178903,1037,3364,23,82,423
485,222712,162055,1014,3302,23,71,423
486,217547,145592,992,3232,23,75,423
487,212500,129491,970,3161,23,73,423
488,207825,114005,952,3100,19,66,423
489,202974,99190,932,3046,20,57,423
490,198360,85099,1302,3572,13,63,444
491,243419,232142,1266,3486,37,98,444
492,237140,214838,1237,3391,29,99,444
493,230977,197836,1214,3314,25,82,444
494,224929,181210,1183,3245,33,72,444
495,218931,165183,1160,3168,24,81,444
496,213130,149185,1131,3099,29,72,444
497,207573,133677,1118,3034,13,72,444
498,201918,118856,1100,2974,18,67,444
499,196469,104553,1079,2923,21,53,444
500,190985,90807,1463,3501,27,56,474
501,242727,232694,1427,3398,36,111,474
502,235683,215585,1387,3313,42,96,474
503,228723,199196,1346,3230,42,88,474
504,222034,182683,1318,3150,29,91,474
505,215367,167234,1273,3070,48,84,474
506,209002,151870,1242,3001,32,75,474
507,202717,136794,1215,2946,28,58,474
508,196683,122015,1191,2883,24,68,474
509,190829,107932,1163,2835,29,51,474
510,185089,94797,1627,3261,25,50,508
511,241853,233788,1572,3173,56,95,508
512,234237,218082,1523,3092,49,84,508
513,226695,202634,1471,3016,56,86,508
514,219297,187428,1430,2938,41,82,508
515,212203,172645,1401,2865,31,79,508
516,205222,158327,1368,2800,37,70,508
517,198474,144059,1330,2730,39,76,508
518,191896,130656,1303,2663,27,71,508
519,185253,118148,1279,2598,24,66,508
520,179138,105777,1763,3052,27,60,531
521,241132,234653,1707,2971,58,87,531
522,232632,219999,1656,2878,52,103,531
523,224450,205563,1608,2798,50,90,531
524,216406,191449,1556,2726,54,75,531
525,208593,177875,1505,2653,52,76,531
526,200947,164178,1462,2592,45,68,531
527,193732,151245,1421,2523,41,74,531
528,186715,138832,1380,2454,41,76,531
529,179948,126668,1353,2395,27,62,531
530,173213,115250,1810,2873,20,63,545
531,240614,235542,1750,2793,65,92,545
532,231914,221495,1694,2704,59,95,545
533,223700,208044,1639,2629,56,80,545
534,215617,195049,1589,2580,53,52,545
535,207643,182091,1545,2505,46,79,545
536,199873,169567,1497,2453,50,57,545
537,192481,157276,1452,2399,46,55,545
538,185151,145247,1422,2334,33,69,545
539,178020,133484,1382,2291,41,45,545
540,171100,122302,1897,2707,28,52,572
541,240346,236555,1837,2632,64,84,572
542,230964,223356,1789,2551,50,85,572
543,222205,210379,1729,2482,60,78,572
544,213472,197982,1678,2413,53,76,572
545,205074,185767,1626,2343,58,71,572
546,196863,173904,1580,2270,48,77,572
547,188955,162658,1537,2220,46,54,572
548,181435,151578,1498,2167,42,56,572
549,173954,140846,1469,2130,32,37,572
550,166660,130251,1995,2521,50,55,593
551,240100,237396,1931,2445,69,83,593
552,230619,225007,1856,2379,82,73,593
553,221206,213022,1786,2320,75,62,593
554,212179,201486,1730,2247,61,78,593
555,203491,190351,1672,2177,59,72,593
556,195306,179341,1618,2113,54,67,593
557,187251,168643,1572,2048,50,71,593
558,179446,158260,1535,1995,38,57,593
559,171886,148139,1503,1939,34,58,593
560,164374,138489,2080,2333,48,54,583
561,239536,238158,2018,2251,65,90,583
562,229374,227021,1960,2170,61,87,583
563,219578,216367,1909,2105,55,69,583
564,209983,205994,1854,2037,58,73,583
565,200579,196131,1798,1975,61,66,583
566,191781,186145,1749,1913,53,67,583
567,183078,176547,1684,1862,67,53,583
568,174688,167279,1637,1813,48,50,583
569,166761,158273,1599,1759,38,57,583
570,158940,149503,2228,2003,40,46,575
571,238737,239869,2164,1933,70,75,575
572,227815,230105,2088,1873,84,63,575
573,217295,220719,2015,1816,75,60,575
574,207339,211725,1964,1767,54,51,575
575,197733,203222,1905,1712,61,60,575
576,188292,194846,1845,1669,63,45,575
577,179212,186608,1794,1633,54,38,575
578,170341,178524,1750,1578,47,57,575
579,161665,170532,1708,1535,45,44,575
580,153081,162910,2335,1787,42,47,563
581,238423,241067,2262,1735,81,55,563
582,227097,232451,2191,1684,77,53,563
583,215981,223800,2137,1636,57,54,563
584,205244,215447,2088,1588,51,50,563
585,194676,207534,2026,1548,63,43,563
586,184582,199735,1963,1510,67,38,563
587,174765,192295,1914,1462,55,51,563
588,165062,184947,1869,1423,52,41,563
589,155601,177870,1821,1391,50,33,563
590,146621,170957,2513,1642,47,38,558
591,237643,241761,2436,1595,84,51,558
592,225602,233532,2365,1545,79,54,558
593,213853,225917,2295,1497,75,51,558
594,202394,218563,2235,1457,69,44,558
595,191090,211122,2180,1414,62,47,558
596,180048,204228,2111,1372,72,44,558
597,169541,197369,2039,1344,81,30,558
598,159163,190457,1982,1315,58,30,558
599,149376,184003,1934,1285,50,30,558
600,139916,177638,2581,1522,63,41,517
601,237259,242512,2507,1477,77,48,517
602,224682,234887,2439,1436,74,43,517
603,212437,227713,2377,1388,65,50,517
604,200671,220782,2308,1340,73,48,517
605,189184,214283,2242,1302,75,42,517
606,178025,207870,2184,1267,62,37,517
607,167328,201656,2130,1235,59,32,517
608,156607,195520,2086,1200,47,36,517
609,145901,189465,2033,1164,54,36,517
610,135502,183787,2836,1365,46,25,511
611,235916,243077,2751,1317,92,53,511
612,222280,236574,2678,1287,81,32,511
613,209006,230232,2608,1245,80,43,511
614,195838,224143,2542,1217,71,28,511
615,182749,218353,2457,1186,89,32,511
616,170186,212228,2393,1153,69,33,511
617,158208,206325,2345,1128,51,28,511
618,146569,200578,2273,1101,76,28,511
619,135206,194879,2222,1078,55,23,511
620,124364,189549,3076,1281,55,22,500
621,234814,243465,2990,1244,94,37,500
622,220059,236962,2916,1209,77,37,500
623,205458,230912,2845,1181,77,31,500
624,191178,224758,2758,1154,92,29,500
625,177774,218947,2684,1117,84,38,500
626,164299,213281,2619,1091,71,26,500
627,151294,207876,2556,1066,67,26,500
628,138437,202305,2501,1034,57,33,500
629,125862,197131,2432,1015,70,19,500
630,113906,192131,3304,1200,59,23,520
631,233323,244014,3196,1174,115,26,520
632,217485,238314,3105,1143,97,31,520
633,201910,232539,3034,1108,75,37,520
634,186579,226883,2954,1085,88,23,520
635,171768,221359,2886,1053,75,34,520
636,157058,216073,2817,1016,72,37,520
637,142840,211218,2754,987,73,33,520
638,129140,206378,2682,965,76,23,520
639,116047,201417,2623,944,64,21,520
640,103294,196666,3554,1141,48,25,525
641,232306,244329,3456,1109,102,33,525
642,215099,238752,3351,1074,114,37,525
643,198394,233661,3249,1051,114,25,525
644,182314,228515,3147,1023,110,28,525
645,166864,223271,3056,997,101,27,525
646,151643,218380,2990,970,74,29,525
647,136885,213668,2915,945,80,26,525
648,122464,209082,2836,928,83,17,525
649,108940,204509,2782,906,58,22,525
650,96003,200069,3759,1037,65,28,541
651,231195,244723,3664,999,110,38,541
652,213087,239808,3563,974,114,25,541
653,195126,235013,3474,952,95,23,541
654,177654,230261,3377,926,108,26,541
655,161020,225602,3295,903,92,23,541
656,144814,221040,3205,892,100,12,541
657,128716,216626,3132,867,77,25,541
658,113709,212309,3059,853,80,14,541
659,99428,207957,2990,830,74,24,541
660,85558,203812,4001,936,67,28,548
661,229698,245321,3891,904,119,33,548
662,210267,240758,3774,873,134,32,548
663,191273,236533,3666,851,126,22,548
664,172882,232220,3561,819,116,34,548
665,155120,228272,3477,791,93,28,548
666,137586,224272,3386,772,100,19,548
667,120930,220486,3303,754,91,18,548
668,105028,216600,3218,734,93,20,548
669,90084,212845,3134,716,89,19,548
670,76131,209203,4125,856,88,15,605
671,229583,245726,4013,830,131,27,605
672,209781,241489,3899,796,131,34,605
673,190396,237436,3794,770,119,26,605
674,171267,233680,3687,744,116,27,605
675,153035,229983,3577,718,124,26,605
676,134711,226284,3483,694,103,24,605
677,117448,222791,3395,679,104,17,605
678,101172,219521,3298,656,110,23,605
679,85526,216259,3212,638,92,18,605
680,70917,213109,4266,749,96,17,627
681,228874,246284,4132,720,154,30,627
682,208240,242655,4000,693,153,27,627
683,188470,239194,3885,678,141,15,627
684,169382,235857,3773,656,125,22,627
685,150462,232476,3671,642,117,15,627
686,132036,229169,3580,614,104,28,627
687,114120,226158,3474,598,121,16,627
688,97269,223064,3378,582,102,16,627
689,81729,220133,3283,568,106,15,627
690,67344,217266,4341,667,102,12,663
691,228264,246600,4186,649,178,18,663
692,207507,243355,4047,619,160,31,663
693,187485,240230,3910,596,158,25,663
694,167672,237274,3786,570,147,26,663
695,148677,234363,3669,547,133,23,663
696,130447,231685,3558,529,126,20,663
697,112907,229029,3449,516,125,13,663
698,96111,226560,3359,503,100,13,663
699,80525,223933,3263,491,102,12,663
700,66399,221367,4333,600,105,10,695
701,228469,247108,4196,576,167,25,695
702,207759,244254,4061,556,161,20,695
703,187393,241372,3922,538,166,18,695
704,167880,238744,3798,527,143,11,695
705,148539,236122,3675,510,140,18,695
706,129945,233580,3569,492,123,19,695
707,112299,231094,3454,475,137,17,695
708,95544,228835,3355,462,109,13,695
709,79973,226644,3254,449,111,13,695
710,65682,224305,4339,509,100,19,713
711,228287,247491,4192,487,182,22,713
712,207074,244875,4043,462,174,25,713
713,187094,242639,3910,439,146,24,713
714,167233,240352,3769,428,166,11,713
715,148208,238185,3637,422,150,6,713
716,129988,236186,3515,408,137,14,713
717,112737,234170,3406,399,116,9,713
718,96693,232162,3311,386,103,13,713
719,81516,230212,3212,376,110,10,713
720,67511,228359,4201,433,99,12,739
721,229032,247827,4052,416,180,17,739
722,209169,245658,3904,392,170,24,739
723,189330,243686,3769,380,154,12,739
724,170526,241706,3637,354,147,26,739
725,152395,239973,3515,338,139,16,739
726,134732,238184,3410,328,119,10,739
727,117792,236528,3284,319,137,9,739
728,101671,234915,3171,301,119,18,739
729,86684,233454,3069,290,111,11,739
730,72742,232011,4074,335,118,7,771
731,229963,248353,3927,315,175,20,771
732,210089,246806,3788,295,155,20,771
733,191004,245413,3671,279,140,17,771
734,172627,244056,3524,270,174,9,771
735,154774,242712,3396,263,154,7,771
736,137917,241355,3264,252,155,11,771
737,121335,240019,3149,239,135,13,771
738,106106,238823,3033,234,130,5,771
739,91899,237666,2941,224,109,11,771
740,78535,236524,3927,268,108,8,726
741,229978,248594,3801,259,150,9,726
742,210942,247327,3647,241,181,18,726
743,192471,246191,3535,234,131,7,726
744,175023,245058,3413,229,144,5,726
745,157720,243854,3300,220,130,9,726
746,141097,242780,3181,207,135,13,726
747,125248,241735,3071,201,123,6,726
748,109835,240736,2974,193,107,8,726
749,95587,239747,2887,188,97,5,726
750,82367,238817,3881,225,96,3,700
751,230683,248893,3754,211,144,14,700
752,211905,247831,3625,196,155,15,700
753,193873,246898,3493,184,152,12,700
754,176296,245968,3349,180,161,4,700
755,159374,245012,3235,174,127,6,700
756,143123,244133,3118,168,135,7,700
757,127675,243199,3009,167,113,1,700
758,113343,242339,2921,161,95,6,700
759,99586,241489,2828,154,102,7,700
760,87108,240695,3777,184,85,2,667
761,231042,249104,3661,181,134,3,667
762,212654,248250,3550,175,131,6,667
763,194874,247352,3423,168,139,7,667
764,177804,246500,3309,162,129,6,667
765,160744,245699,3209,155,108,7,667
766,144427,244891,3115,151,107,4,667
767,128885,244149,3024,141,110,10,667
768,114354,243447,2913,136,125,5,667
769,100512,242724,2837,131,83,5,667
770,87379,242015,3846,145,88,4,636
771,230782,249247,3730,141,130,4,636
772,211883,248553,3629,137,110,4,636
773,193453,247843,3511,133,134,4,636
774,175895,247155,3413,129,120,4,636
775,158631,246512,3305,124,124,5,636
776,142059,245903,3199,122,112,2,636
777,125995,245347,3096,121,113,1,636
778,110384,244710,2999,116,109,5,636
779,95915,244167,2911,112,101,4,636
780,82429,243634,3886,134,96,5,560
781,230675,249361,3788,130,109,4,560
782,211405,248744,3683,124,119,6,560
783,193101,248132,3568,120,128,4,560
784,175336,247558,3456,116,121,4,560
785,158016,246977,3361,112,102,4,560
786,141511,246422,3272,108,99,4,560
787,125035,245819,3189,105,92,3,560
788,109419,245246,3111,105,82,0,560
789,94701,244745,3033,97,86,8,560
790,80866,244258,4167,102,70,2,551
791,229295,249446,4046,101,136,1,551
792,208875,248972,3935,98,119,3,551
793,189269,248425,3813,94,136,4,551
794,170102,247975,3701,91,122,4,551
795,151569,247501,3591,89,125,2,551
796,133539,247054,3505,83,98,6,551
797,116217,246615,3411,83,101,0,551
798,99668,246205,3323,81,93,2,551
799,84266,245813,3248,79,79,2,551
800,70140,245416,4323,96,92,0,545
801,228630,249574,4201,91,139,5,545
802,207657,249175,4080,90,135,1,545
803,187350,248720,3974,87,118,3,545
804,167205,248262,3875,81,107,6,545
805,147817,247795,3767,78,129,3,545
806,129206,247395,3681,77,94,1,545
807,111548,246994,3568,76,126,1,545
808,94613,246620,3484,73,92,3,545
809,78642,246235,3393,73,102,0,545
810,64413,245896,4364,99,93,0,556
811,228353,249531,4235,96,141,3,556
812,207502,249029,4113,94,140,2,556
813,186588,248533,3993,91,132,3,556
814,166798,248082,3879,88,121,3,556
815,147281,247614,3777,87,117,1,556
816,128481,247122,3682,82,109,5,556
817,110257,246693,3581,81,113,1,556
818,93472,246299,3478,78,113,3,556
819,78131,245887,3381,77,105,1,556
820,63720,245512,4477,98,70,1,567
821,227874,249506,4349,92,147,6,567
822,205863,249021,4218,89,138,3,567
823,185022,248591,4103,86,133,3,567
824,164731,248141,3993,83,129,3,567
825,144855,247711,3894,78,107,5,567
826,125673,247353,3794,76,112,2,567
827,107165,246962,3702,73,102,3,567
828,89164,246606,3620,70,91,3,567
829,72771,246261,3526,68,102,2,567
830,58046,245902,4564,82,93,0,578
831,226903,249583,4434,78,147,4,578
832,204612,249193,4310,75,145,3,578
833,182810,248763,4179,74,151,1,578
834,161646,248364,4063,72,133,2,578
835,141447,248024,3936,66,145,6,578
836,122185,247680,3824,61,129,5,578
837,103361,247404,3723,59,116,2,578
838,85802,247094,3615,56,120,3,578
839,69347,246833,3525,56,102,0,578
840,54674,246522,4726,62,85,2,577
841,226682,249660,4595,62,149,0,577
842,203652,249354,4470,59,147,3,577
843,181582,249068,4327,59,169,0,577
844,159612,248779,4209,58,137,1,577
845,138528,248492,4100,55,122,3,577
846,118354,248164,3989,51,124,4,577
847,99005,247928,3880,49,121,2,577
848,80957,247680,3792,48,95,1,577
849,64224,247425,3692,45,110,3,577
850,49228,247195,4734,49,97,5,613
851,226317,249710,4594,46,166,3,613
852,203561,249446,4440,44,178,2,613
853,181088,249212,4304,41,164,3,613
854,159779,249035,4180,40,145,1,613
855,138781,248842,4071,37,126,3,613
856,118576,248625,3970,36,114,1,613
857,99195,248448,3866,36,121,0,613
858,81666,248278,3752,36,125,0,613
859,64617,248136,3648,34,111,2,613
860,50060,247958,4632,42,87,1,634
861,226998,249791,4492,39,165,3,634
862,204296,249566,4350,38,166,1,634
863,182530,249368,4197,37,185,1,634
864,161609,249204,4075,35,143,2,634
865,141387,249028,3958,35,131,0,634
866,121751,248855,3835,33,138,2,634
867,103034,248718,3728,33,120,0,634
868,84852,248541,3630,31,106,2,634
869,68661,248354,3532,31,106,0,634
870,53920,248209,4597,45,90,0,652
871,227075,249798,4440,43,183,2,652
872,204734,249620,4306,43,155,0,652
873,183407,249418,4177,42,152,1,652
874,162783,249207,4049,41,141,1,652
875,142721,248965,3930,40,139,1,652
876,122797,248765,3802,40,155,0,652
877,104085,248540,3700,38,114,2,652
878,86215,248337,3593,38,122,0,652
879,69861,248151,3487,38,118,0,652
880,55293,247936,4479,46,117,2,678
881,227367,249765,4333,44,165,2,678
882,205728,249543,4198,43,154,1,678
883,184619,249331,4061,42,154,1,678
884,164573,249108,3941,39,138,3,678
885,144586,248906,3818,37,149,2,678
886,125726,248746,3711,36,124,1,678
887,107633,248576,3595,35,133,1,678
888,90780,248397,3484,32,124,3,678
889,75209,248255,3377,32,117,0,678
890,61247,248067,4324,40,105,0,678
891,228502,249822,4196,37,150,3,678
892,207144,249622,4050,35,165,2,678
893,186866,249440,3905,35,174,0,678
894,167526,249266,3782,33,140,2,678
895,148964,249099,3645,32,165,1,678
896,131020,248939,3533,32,133,0,678
897,113484,248806,3423,31,121,1,678
898,96882,248676,3317,30,123,1,678
899,81966,248528,3228,30,101,0,678
900,68127,248391,4219,28,112,4,690
901,228649,249872,4065,25,179,3,690
902,208200,249779,3928,23,159,2,690
903,188514,249680,3788,21,167,2,690
904,169990,249579,3660,19,147,2,690
905,151904,249468,3531,19,146,0,690
906,133968,249358,3423,19,130,0,690
907,117276,249279,3297,18,139,1,690
908,101256,249193,3194,18,117,0,690
909,86267,249104,3087,18,117,0,690
910,72597,249013,4081,17,108,0,683
911,229280,249901,3936,17,172,0,683
912,209270,249834,3805,16,153,1,683
913,190218,249751,3679,16,151,0,683
914,171742,249681,3548,16,151,0,683
915,154293,249597,3439,14,129,2,683
916,137003,249520,3313,14,142,0,683
917,120333,249473,3203,14,120,0,683
918,104997,249402,3099,14,113,0,683
919,90155,249340,3013,13,100,1,683
920,76305,249285,4024,13,90,0,655
921,229778,249936,3907,12,135,1,655
922,210222,249857,3767,11,160,1,655
923,191499,249786,3632,11,158,0,655
924,173086,249742,3517,11,131,0,655
925,155781,249690,3408,11,130,0,655
926,138750,249653,3287,11,140,0,655
927,122247,249602,3198,10,101,1,655
928,106834,249561,3088,10,119,0,655
929,92120,249504,2991,10,112,0,655
930,78280,249429,3928,11,93,1,635
931,230342,249963,3785,11,164,0,635
932,211543,249904,3656,11,149,0,635
933,193282,249837,3544,11,127,0,635
934,175615,249769,3435,11,121,0,635
935,158206,249731,3323,11,123,0,635
936,141609,249686,3213,11,128,0,635
937,125745,249648,3114,11,118,0,635
938,110572,249606,3012,10,110,1,635
939,96319,249565,2925,10,93,0,635
940,83059,249503,3818,10,110,1,632
941,231142,249958,3687,9,147,1,632
942,212326,249914,3573,9,135,0,632
943,194289,249850,3460,8,131,1,632
944,176896,249810,3344,7,130,1,632
945,160056,249781,3229,6,135,1,632
946,144148,249742,3136,6,107,0,632
947,128697,249726,3046,6,97,0,632
948,113682,249698,2937,5,120,1,632
949,99668,249675,2853,5,89,0,632
950,86452,249647,3773,4,94,1,611
951,231240,249983,3653,3,145,1,611
952,213040,249968,3537,3,127,0,611
953,195277,249964,3440,3,106,0,611
954,177783,249944,3342,3,114,0,611
955,160833,249922,3255,3,96,0,611
956,144583,249913,3171,3,98,0,611
957,128587,249901,3080,3,105,0,611
958,113220,249889,2991,3,101,0,611
959,99080,249872,2898,3,100,0,611
960,85787,249869,3939,3,90,0,546
961,230334,249978,3832,3,127,0,546
962,211335,249964,3722,3,121,0,546
963,193014,249952,3623,3,111,0,546
964,174516,249936,3504,3,133,0,546
965,157216,249921,3415,3,95,0,546
966,140080,249898,3326,3,99,0,546
967,123605,249878,3235,3,101,0,546
968,108152,249860,3161,3,82,0,546
969,93425,249855,3074,3,99,0,546
970,79666,249831,4061,4,89,0,520
971,229955,249971,3952,4,125,0,520
972,210024,249960,3845,4,127,0,520
973,190952,249949,3735,4,122,0,520
974,171919,249930,3633,3,109,1,520
975,154038,249908,3544,3,94,0,520
976,136282,249888,3444,3,113,0,520
977,119325,249873,3356,3,100,0,520
978,103142,249853,3286,3,77,0,520
979,87669,249835,3203,3,88,0,520
980,73350,249819,4295,3,68,0,495
981,228652,249986,4184,3,125,0,495
982,207654,249964,4085,3,112,0,495
983,187249,249949,3978,3,113,0,495
984,167979,249930,3869,3,120,0,495
985,148280,249916,3775,2,99,1,495
986,129572,249910,3684,2,100,0,495
987,111205,249898,3597,2,100,0,495
988,93768,249880,3520,2,82,0,495
989,77574,249875,3439,2,87,0,495
990,62676,249871,4577,2,84,0,511
991,227208,249986,4465,2,136,0,511
992,205187,249976,4357,2,124,0,511
993,183521,249959,4254,2,116,0,511
994,161909,249947,4141,2,123,0,511
995,141112,249940,4021,2,134,0,511
996,121014,249928,3931,2,104,0,511
997,101997,249925,3832,2,112,0,511
998,84131,249906,3749,2,96,0,511
999,67606,249892,3673,2,81,0,511
1000,52841,249878,4743,3,93,0,533
1001,226209,249993,4612,3,148,0,533
1002,203021,249989,4478,3,153,0,533
1003,180579,249980,4362,3,134,0,533
1004,158669,249966,4255,2,121,1,533
1005,137281,249949,4138,2,131,0,533
1006,116906,249932,4031,2,125,0,533
1007,97251,249926,3933,2,104,0,533
1008,78825,249915,3833,2,108,0,533
1009,62581,249910,3745,2,97,0,533
1010,48512,249897,4050,4,82,0,478
1011,229534,249989,3944,4,109,0,478
1012,209922,249965,3831,4,123,0,478
1013,190943,249946,3740,4,98,0,478
1014,172554,249930,3643,4,105,0,478
1015,154480,249900,3553,4,98,0,478
1016,136682,249883,3469,4,92,0,478
1017,119794,249858,3387,4,88,0,478
1018,103064,249839,3312,4,80,0,478
1019,87677,249824,3233,4,88,0,478
1020,73087,249810,3650,4,68,0,390
1021,231109,249988,3584,4,73,0,390
1022,213398,249963,3501,4,89,0,390
1023,196119,249957,3410,4,103,0,390
1024,178993,249933,3345,4,71,0,390
1025,162438,249925,3262,4,85,0,390
1026,145931,249917,3200,4,63,0,390
1027,130077,249899,3137,4,68,0,390
1028,114940,249881,3087,4,56,0,390
1029,100011,249864,3020,4,73,0,390
1030,86040,249850,3541,3,48,0,332
1031,232442,249985,3476,3,72,0,332
1032,215082,249976,3402,3,78,0,332
1033,197843,249970,3351,3,57,0,332
1034,181078,249961,3296,3,59,0,332
1035,164485,249940,3232,3,70,0,332
1036,148259,249927,3171,3,63,0,332
1037,132828,249918,3115,3,60,0,332
1038,117547,249908,3063,3,55,0,332
1039,102867,249882,3005,3,59,0,332
1040,88789,249871,3426,3,56,0,253
1041,232909,249985,3368,3,62,0,253
1042,216026,249973,3320,3,50,0,253
1043,199423,249957,3259,3,64,0,253
1044,182957,249934,3213,3,46,0,253
1045,166887,249919,3166,3,50,0,253
1046,151095,249900,3117,3,50,0,253
1047,135752,249887,3072,3,46,0,253
1048,120506,249873,3027,3,46,0,253
1049,105874,249860,2983,3,48,0,253
1050,91795,249839,3539,4,45,1,211
1051,232214,249984,3493,4,48,0,211
1052,214471,249974,3445,4,50,0,211
1053,197043,249953,3405,3,43,1,211
1054,179975,249935,3360,3,46,0,211
1055,163219,249910,3330,3,31,0,211
1056,146453,249893,3285,3,45,0,211
1057,130111,249889,3246,2,39,1,211
1058,114573,249876,3218,2,28,0,211
1059,99100,249867,3187,2,34,0,211
1060,84448,249854,3654,2,34,0,164
1061,231772,249989,3616,2,38,0,164
1062,213725,249977,3579,2,38,0,164
1063,195695,249967,3539,2,40,0,164
1064,178139,249955,3506,2,33,0,164
1065,160722,249943,3483,2,23,0,164
1066,143658,249934,3454,2,29,0,164
1067,126830,249921,3425,2,29,0,164
1068,110434,249904,3405,2,20,0,164
1069,94556,249889,3383,2,24,0,164
1070,79203,249874,3884,2,28,0,136
1071,230846,250000,3852,2,35,0,136
1072,211430,249990,3814,2,39,0,136
1073,192504,249982,3781,2,33,0,136
1074,173427,249971,3748,2,35,0,136
1075,154797,249955,3722,2,26,0,136
1076,136018,249948,3697,2,26,0,136
1077,117526,249932,3673,2,25,0,136
1078,99867,249925,3634,2,39,0,136
1079,83650,249913,3605,2,30,0,136
1080,68132,249902,4245,5,23,0,124
1081,228998,249974,4219,5,27,0,124
1082,207709,249957,4191,5,30,0,124
1083,186933,249932,4153,5,38,0,124
1084,166087,249910,4119,5,34,0,124
1085,145532,249884,4093,5,27,0,124
1086,125011,249858,4067,5,27,0,124
1087,105092,249833,4040,5,27,0,124
1088,86143,249807,4015,5,26,0,124
1089,68646,249776,3986,5,29,0,124
1090,52886,249745,4353,5,22,0,116
1091,227761,249972,4326,5,27,0,116
1092,206085,249936,4295,5,33,0,116
1093,184928,249910,4268,5,28,0,116
1094,163734,249872,4247,4,22,1,116
1095,142497,249846,4223,4,26,0,116
1096,121914,249832,4195,4,30,0,116
1097,101796,249800,4166,4,30,0,116
1098,82420,249778,4139,4,27,0,116
1099,64265,249761,4118,4,23,0,116
1100,48981,249747,4452,4,22,0,106
1101,227914,249977,4427,4,27,0,106
1102,205758,249965,4399,4,30,0,106
1103,183719,249940,4376,4,23,0,106
1104,161921,249925,4354,4,24,0,106
1105,140583,249902,4328,4,27,0,106
1106,118836,249885,4311,4,18,0,106
1107,97909,249866,4289,4,22,0,106
1108,78475,249843,4274,4,15,0,106
1109,60853,249831,4253,4,21,0,106
1110,45668,249810,4584,4,22,0,95
1111,227505,249985,4556,4,28,0,95
1112,205065,249969,4535,4,21,0,95
1113,182438,249950,4517,4,18,0,95
1114,159828,249942,4497,4,20,0,95
1115,137242,249913,4478,4,21,0,95
1116,115164,249898,4454,4,25,0,95
1117,94015,249870,4438,4,16,0,95
1118,74100,249856,4417,4,21,0,95
1119,56007,249836,4401,4,16,0,95
1120,40982,249799,4697,5,17,0,87
1121,226498,249956,4666,5,31,0,87
1122,203093,249932,4649,5,17,0,87
1123,179824,249894,4630,5,19,0,87
1124,156849,249880,4609,5,21,0,87
1125,134037,249863,4587,5,22,0,87
1126,111500,249848,4567,5,21,0,87
1127,89606,249816,4546,5,21,0,87
1128,69364,249782,4534,5,12,0,87
1129,51540,249766,4521,5,13,0,87
1130,36742,249738,4744,7,18,0,67
1131,226086,249981,4727,7,18,0,67
1132,202606,249932,4707,7,20,0,67
1133,179334,249892,4691,7,16,0,67
1134,155747,249869,4676,7,15,0,67
1135,131984,249826,4661,7,15,0,67
1136,108768,249795,4651,7,10,0,67
1137,86372,249745,4633,7,18,0,67
1138,65949,249714,4622,7,11,0,67
1139,47802,249678,4615,7,7,0,67
1140,32608,249652,4833,7,10,0,63
1141,225946,249960,4816,7,17,0,63
1142,201562,249925,4803,7,13,0,63
1143,177808,249890,4788,7,15,0,63
1144,153958,249862,4767,7,22,0,63
1145,130189,249845,4754,7,13,0,63
1146,107150,249825,4739,7,15,0,63
1147,84672,249792,4727,7,13,0,63
1148,63805,249763,4719,7,8,0,63
1149,45564,249738,4709,7,10,0,63
1150,30634,249706,4894,8,15,0,52
1151,225711,249971,4881,8,13,0,52
1152,201240,249930,4863,8,19,0,52
1153,176895,249887,4849,8,14,0,52
1154,152496,249847,4832,8,17,0,52
1155,128256,249811,4820,8,12,0,52
1156,104234,249778,4803,8,17,0,52
1157,81411,249728,4792,8,11,0,52
1158,60725,249677,4783,8,9,0,52
1159,43060,249651,4773,7,10,1,52
1160,28643,249611,5056,11,4,0,54
1161,224819,249955,5044,10,12,1,54
1162,199698,249913,5027,10,17,0,54
1163,174526,249846,5015,10,12,0,54
1164,149071,249800,4994,9,21,1,54
1165,124436,249758,4977,9,17,0,54
1166,100136,249720,4959,9,18,0,54
1167,77041,249680,4948,9,11,0,54
1168,56124,249654,4936,9,12,0,54
1169,38501,249618,4921,9,15,0,54
1170,25268,249579,4861,10,11,0,56
1171,225749,249950,4852,10,9,0,56
1172,202042,249896,4833,10,19,0,56
1173,177828,249845,4820,10,14,0,56
1174,153540,249803,4813,10,8,0,56
1175,129407,249751,4801,10,12,0,56
1176,105890,249704,4789,10,12,0,56
1177,82962,249651,4774,10,15,0,56
1178,61493,249609,4768,10,6,0,56
1179,42172,249568,4761,10,8,0,56
1180,26617,249518,5083,10,13,0,47
1181,224569,249956,5070,10,13,0,47
1182,199157,249929,5060,10,10,0,47
1183,173933,249882,5046,10,15,0,47
1184,148536,249827,5033,10,13,0,47
1185,123910,249768,5023,10,10,0,47
1186,99120,249726,5009,10,15,0,47
1187,76011,249688,4998,10,12,0,47
1188,55386,249639,4990,10,8,0,47
1189,37682,249610,4977,10,13,0,47
1190,24513,249561,4865,10,13,0,42
1191,226007,249947,4856,10,9,0,42
1192,201422,249882,4849,10,7,0,42
1193,177197,249821,4833,10,16,0,42
1194,153282,249753,4822,10,11,0,42
1195,129246,249690,4815,10,8,0,42
1196,105214,249631,4804,10,11,0,42
1197,83075,249600,4792,10,12,0,42
1198,62491,249548,4783,10,9,0,42
1199,43989,249496,4777,10,6,0,42
1200,29728,249456,4864,18,8,0,39
1201,225638,249901,4857,18,7,0,39
1202,201211,249820,4846,17,11,1,39
1203,176915,249733,4838,17,8,0,39
1204,152727,249647,4828,17,10,0,39
1205,128544,249552,4820,17,8,0,39
1206,105241,249444,4806,17,15,0,39
1207,82317,249352,4799,17,7,0,39
1208,61625,249245,4796,16,3,1,39
1209,44122,249185,4789,16,7,0,39
1210,30218,249126,4910,18,11,0,30
1211,225414,249925,4902,18,8,0,30
1212,201082,249861,4893,18,9,0,30
1213,176245,249783,4882,18,12,0,30
1214,151942,249710,4871,18,11,0,30
1215,127814,249630,4864,18,7,0,30
1216,104227,249550,4857,18,7,0,30
1217,81938,249455,4850,18,7,0,30
1218,61217,249372,4844,18,6,0,30
1219,43119,249299,4837,18,7,0,30
1220,28458,249220,4916,17,4,0,31
1221,225380,249923,4904,16,12,1,31
1222,201034,249835,4898,16,6,0,31
1223,176584,249729,4888,16,10,0,31
1224,152094,249632,4881,16,7,0,31
1225,127954,249566,4873,16,8,0,31
1226,104023,249502,4863,15,10,1,31
1227,80549,249422,4855,15,8,0,31
1228,59303,249353,4849,15,6,0,31
1229,41228,249292,4842,15,7,0,31
1230,27147,249215,5053,16,5,0,30
1231,224916,249917,5048,16,5,0,30
1232,199550,249839,5037,16,11,0,30
1233,174334,249751,5029,16,8,0,30
1234,149059,249685,5022,16,7,0,30
1235,124130,249600,5013,16,9,0,30
1236,100013,249511,5005,16,8,0,30
1237,77177,249419,4999,16,6,0,30
1238,56518,249345,4991,16,8,0,30
1239,38409,249250,4986,16,5,0,30
1240,24643,249180,5022,25,7,0,28
1241,224738,249876,5017,25,5,0,28
1242,199752,249749,5011,25,6,0,28
1243,174645,249627,5002,25,9,0,28
1244,149407,249482,4990,25,12,0,28
1245,124641,249377,4981,25,9,0,28
1246,100296,249239,4976,25,5,0,28
1247,77202,249136,4972,25,4,0,28
1248,56011,249026,4967,25,5,0,28
1249,38020,248928,4960,24,7,1,28
1250,24409,248800,5013,26,5,0,25
1251,225194,249867,5006,26,7,0,25
1252,199876,249778,4999,26,7,0,25
1253,175030,249670,4992,26,7,0,25
1254,149796,249538,4988,26,4,0,25
1255,125238,249406,4983,26,5,0,25
1256,100595,249277,4979,26,4,0,25
1257,77251,249144,4975,26,4,0,25
1258,56193,249010,4973,26,2,0,25
1259,38374,248892,4968,26,5,0,25
1260,25518,248730,5027,32,6,0,25
1261,225089,249843,5020,32,7,0,25
1262,200039,249723,5009,32,11,0,25
1263,174868,249550,5002,32,7,0,25
1264,150076,249388,4992,32,10,0,25
1265,125342,249234,4989,32,3,0,25
1266,100856,249051,4984,32,5,0,25
1267,77573,248879,4977,31,7,1,25
1268,56258,248740,4972,31,5,0,25
1269,38580,248583,4968,31,4,0,25
1270,25217,248417,5027,32,5,0,26
1271,224973,249841,5023,32,4,0,26
1272,199745,249663,5017,32,6,0,26
1273,174562,249495,5014,32,3,0,26
1274,149662,249338,5007,32,7,0,26
1275,124552,249182,4999,32,8,0,26
1276,100193,249033,4993,32,6,0,26
1277,77143,248866,4985,32,8,0,26
1278,55549,248681,4983,32,2,0,26
1279,37400,248543,4976,32,7,0,26
1280,23987,248427,4959,45,6,0,24
1281,225417,249782,4953,45,6,0,24
1282,200861,249550,4948,45,5,0,24
1283,176090,249298,4941,45,7,0,24
1284,151242,249080,4934,45,7,0,24
1285,126527,248833,4928,45,6,0,24
1286,102306,248611,4921,44,7,1,24
1287,79067,248372,4917,44,4,0,24
1288,57500,248179,4909,44,8,0,24
1289,39828,247960,4902,44,7,0,24
1290,26408,247739,4956,57,2,0,20
1291,225303,249747,4951,57,5,0,20
1292,200685,249455,4946,57,5,0,20
1293,176204,249217,4939,57,7,0,20
1294,151213,248925,4936,57,3,0,20
1295,127055,248670,4931,57,5,0,20
1296,102744,248377,4928,56,3,1,20
1297,79862,248089,4925,56,3,0,20
1298,58565,247790,4923,56,2,0,20
1299,40562,247479,4920,56,3,0,20
1300,26120,247164,5069,66,5,0,19
1301,224691,249646,5065,66,4,0,19
1302,199614,249306,5059,66,6,0,19
1303,174146,248964,5053,66,6,0,19
1304,148501,248652,5046,66,7,0,19
1305,123309,248291,5043,66,3,0,19
1306,98900,247928,5039,65,4,1,19
1307,75601,247627,5035,65,4,0,19
1308,54098,247267,5030,65,5,0,19
1309,36824,246955,5025,65,5,0,19
1310,23771,246674,5042,72,4,0,22
1311,224796,249646,5033,72,9,0,22
1312,199515,249308,5030,72,3,0,22
1313,174469,248960,5026,72,4,0,22
1314,148874,248599,5021,72,5,0,22
1315,124057,248228,5013,72,8,0,22
1316,100048,247852,5005,72,8,0,22
1317,76971,247525,5000,72,5,0,22
1318,55844,247148,4996,72,4,0,22
1319,38523,246767,4990,72,6,0,22
1320,25576,246420,4935,97,9,0,17
1321,225096,249521,4932,97,3,0,17
1322,200481,248996,4928,97,4,0,17
1323,175398,248537,4924,97,4,0,17
1324,150588,248098,4918,97,6,0,17
1325,126147,247611,4914,97,4,0,17
1326,102245,247144,4911,97,3,0,17
1327,79906,246671,4905,97,6,0,17
1328,58905,246212,4901,97,4,0,17
1329,41299,245679,4898,96,3,1,17
1330,27655,245191,4961,108,3,0,15
1331,224970,249440,4957,108,4,0,15
1332,200165,248949,4954,108,3,0,15
1333,175147,248358,4951,108,3,0,15
1334,150106,247815,4949,108,2,0,15
1335,125326,247341,4948,108,1,0,15
1336,100921,246836,4941,108,7,0,15
1337,78106,246343,4939,108,2,0,15
1338,57692,245762,4935,108,4,0,15
1339,40282,245185,4933,108,2,0,15
1340,26578,244642,4948,136,2,0,13
1341,224804,249338,4942,136,6,0,13
1342,200173,248715,4935,136,7,0,13
1343,175277,247977,4932,136,3,0,13
1344,150956,247287,4929,136,3,0,13
1345,126485,246576,4926,136,4,0,13
1346,102196,245957,4921,136,5,0,13
1347,78990,245227,4919,136,2,0,13
1348,57426,244560,4915,136,4,0,13
1349,39204,243893,4914,136,1,0,13
1350,24893,243161,5061,157,3,0,13
1351,225093,249254,5059,157,2,0,13
1352,199949,248544,5053,157,6,0,13
1353,174647,247755,5049,157,4,0,13
1354,149223,247012,5045,157,5,0,13
1355,124383,246263,5041,157,4,0,13
1356,100259,245492,5037,157,4,0,13
1357,76885,244682,5035,157,2,0,13
1358,55812,243965,5034,157,1,0,13
1359,38387,243207,5031,157,3,0,13
1360,25471,242414,5017,183,2,1,14
1361,225147,249093,5014,183,3,0,14
1362,200327,248151,5008,183,6,0,14
1363,175293,247240,5005,183,3,0,14
1364,150475,246273,5002,183,3,0,14
1365,125708,245343,4999,182,3,1,14
1366,101206,244328,4997,182,2,0,14
1367,77874,243402,4991,182,6,0,14
1368,56962,242528,4988,182,3,0,14
1369,39134,241558,4987,182,1,0,14
1370,25904,240643,4965,239,5,0,12
1371,225541,248889,4964,239,1,0,12
1372,200780,247720,4960,239,4,0,12
1373,175843,246505,4956,239,4,0,12
1374,150936,245414,4953,239,3,0,12
1375,126277,244272,4949,239,4,0,12
1376,102224,243143,4946,238,3,1,12
1377,79341,241908,4943,238,3,0,12
1378,58241,240753,4941,238,2,0,12
1379,40491,239571,4938,237,3,1,12
1380,26669,238367,5014,279,2,0,11
1381,225360,248629,5012,279,2,0,11
1382,200208,247331,5009,278,3,1,11
1383,174879,246018,5006,277,3,1,11
1384,149874,244629,5003,277,3,0,11
1385,125089,243226,5001,277,3,0,11
1386,100981,241977,4999,277,2,0,11
1387,77581,240639,4996,277,3,0,11
1388,56044,239258,4991,277,5,0,11
1389,38684,237835,4989,277,2,0,11
1390,26164,236500,4989,322,2,0,13
1391,225347,248300,4985,322,4,0,13
1392,200516,246772,4977,322,8,0,13
1393,175516,245221,4975,321,2,1,13
1394,150594,243621,4973,321,2,0,13
1395,125843,241980,4968,321,5,0,13
1396,101545,240377,4962,321,6,0,13
1397,78058,238851,4959,321,3,0,13
1398,56868,237220,4955,321,4,0,13
1399,38696,235576,4950,321,5,0,13
1400,25196,233995,5011,372,3,1,13
1401,224960,248050,5008,371,3,1,13
1402,200115,246188,5004,371,4,0,13
1403,174880,244311,5000,371,4,0,13
1404,150111,242507,4994,371,6,0,13
1405,125208,240660,4989,370,5,1,13
1406,100900,238753,4985,369,4,1,13
1407,77211,236951,4984,369,1,0,13
1408,55783,235232,4981,369,3,0,13
1409,37219,233462,4977,369,4,0,13
1410,23182,231583,5081,450,1,0,14
1411,224615,247661,5075,450,6,0,14
1412,199222,245483,5073,450,2,0,14
1413,173596,243096,5067,450,6,0,14
1414,148254,240714,5062,450,5,0,14
1415,123042,238409,5057,449,5,1,14
1416,98185,236086,5052,449,5,0,14
1417,74637,233838,5051,449,1,0,14
1418,53471,231652,5049,449,2,0,14
1419,35940,229415,5044,449,5,0,14
1420,22917,226997,4975,571,4,0,12
1421,225016,247194,4974,571,1,0,12
1422,200787,244259,4970,570,4,1,12
1423,176033,241483,4966,570,4,0,12
1424,150933,238650,4965,570,1,0,12
1425,126375,235575,4962,570,3,0,12
1426,101562,232776,4958,569,4,1,12
1427,78022,230030,4955,569,3,0,12
1428,56416,227261,4952,569,3,0,12
1429,38315,224293,4951,569,1,0,12
1430,24642,221413,5112,693,1,0,11
1431,224386,246631,5110,693,2,0,11
1432,198685,243151,5109,692,1,1,11
1433,173082,239765,5107,691,2,1,11
1434,147975,236350,5105,690,2,1,11
1435,122625,232865,5099,690,6,0,11
1436,97750,229396,5098,690,1,0,11
1437,74750,225898,5096,690,2,0,11
1438,53175,222569,5092,690,4,0,11
1439,35541,218993,5092,689,0,1,11
1440,22426,215452,4997,847,0,0,12
1441,225174,245616,4991,847,6,0,12
1442,200279,241393,4987,846,4,1,12
1443,174795,237006,4984,846,3,0,12
1444,149867,232878,4981,846,3,0,12
1445,125119,228720,4980,846,1,0,12
1446,101022,224502,4975,846,5,0,12
1447,77692,220392,4973,846,2,0,12
1448,56653,216242,4970,846,3,0,12
1449,39247,212089,4969,846,1,0,12
1450,26540,207860,5032,1014,2,1,9
1451,224915,244910,5029,1013,3,1,9
1452,199617,240021,5025,1013,4,0,9
1453,174600,235139,5024,1013,1,0,9
1454,149455,229962,5024,1013,0,0,9
1455,124185,224809,5022,1011,2,2,9
1456,99604,219778,5022,1011,0,0,9
1457,76447,214810,5022,1010,0,1,9
1458,55337,209854,5018,1010,4,0,9
1459,37649,204676,5018,1009,0,1,9
1460,24451,199837,5025,1198,1,0,8
1461,224970,243946,5024,1198,1,0,8
1462,199973,237999,5022,1197,2,1,8
1463,174893,232396,5019,1196,3,1,8
1464,149954,226254,5018,1196,1,0,8
1465,125314,220126,5015,1194,3,2,8
1466,101087,213882,5014,1194,1,0,8
1467,77507,207952,5014,1193,0,1,8
1468,55908,201889,5014,1193,0,0,8
1469,38179,195932,5014,1193,0,0,8
1470,24961,190099,5074,1439,2,0,10
1471,224601,242771,5073,1437,1,2,10
1472,199449,235812,5069,1436,4,1,10
1473,174016,228703,5067,1436,2,0,10
1474,148383,221385,5062,1436,5,0,10
1475,123165,214346,5059,1436,3,0,10
1476,98695,207082,5055,1436,4,0,10
1477,75648,199725,5052,1436,3,0,10
1478,54631,192421,5049,1436,3,0,10
1479,37119,185207,5048,1435,1,1,10
1480,24011,178295,4918,1716,1,0,11
1481,225301,241536,4914,1714,4,2,11
1482,200950,233124,4911,1713,3,1,11
1483,176319,224633,4909,1711,2,2,11
1484,152014,215786,4906,1711,3,0,11
1485,127369,207406,4905,1711,1,0,11
1486,102856,198787,4902,1710,3,1,11
1487,79646,190076,4900,1707,2,3,11
1488,58707,181474,4897,1706,3,1,11
1489,40115,172943,4893,1706,5,0,11
1490,25707,164421,5184,2118,2,0,9
1491,223844,239385,5182,2116,2,2,9
1492,198217,229121,5181,2114,1,2,9
1493,172159,218422,5180,2112,1,2,9
1494,146584,208191,5178,2110,2,2,9
1495,120394,197655,5176,2109,2,1,9
1496,95329,187028,5174,2109,2,0,9
1497,71964,176232,5172,2109,2,0,9
1498,51260,165614,5172,2109,0,0,9
1499,34755,155053,5171,2109,1,0,9
1500,22756,144595,4967,2520,0,0,10
1501,225617,237445,4964,2520,3,0,10
1502,200962,224865,4959,2520,5,0,10
1503,176267,211890,4957,2518,2,2,10
1504,151466,199463,4955,2516,2,2,10
1505,127241,186742,4955,2513,0,3,10
1506,103237,174121,4952,2513,3,0,10
1507,79889,161463,4950,2512,2,1,10
1508,58008,148888,4947,2512,3,0,10
1509,39001,136523,4947,2510,0,2,10
1510,24632,124117,4999,3074,1,0,10
1511,225399,234530,4997,3072,2,2,10
1512,200705,218907,4994,3070,3,2,10
1513,175618,203574,4993,3068,1,2,10
1514,150493,188246,4993,3065,0,3,10
1515,125641,172599,4992,3064,1,1,10
1516,101399,157741,4989,3063,3,1,10
1517,78056,142685,4987,3063,2,0,10
1518,56971,127726,4987,3063,0,0,10
1519,39238,112735,4987,3063,0,0,10
1520,25653,98341,4970,3635,0,0,9
1521,225235,231744,4969,3633,1,2,9
1522,200430,213620,4967,3630,2,3,9
1523,175571,195420,4964,3630,3,0,9
1524,150668,177639,4963,3629,1,1,9
1525,125712,159349,4960,3628,3,1,9
1526,101447,141577,4960,3628,0,0,9
1527,77979,123516,4960,3626,0,2,9
1528,56808,105914,4960,3624,0,2,9
1529,38981,88924,4960,3623,0,1,9
1530,25669,73509,5043,4180,1,1,9
1531,224988,229311,5040,4179,3,1,9
1532,200392,208466,5039,4178,1,1,9
1533,175378,187697,5038,4177,1,1,9
1534,150195,167058,5037,4175,1,2,9
1535,124990,146240,5035,4174,2,1,9
1536,100301,125404,5033,4172,2,2,9
1537,76938,105107,5030,4170,3,2,9
1538,55468,85323,5030,4169,0,1,9
1539,37637,67577,5030,4168,0,1,9
1540,24034,52402,5070,4785,2,1,12
1541,224703,226340,5068,4783,2,2,12
1542,199222,202594,5065,4782,3,1,12
1543,173756,178403,5064,4782,1,0,12
1544,148787,154338,5063,4779,1,3,12
1545,123917,130360,5062,4775,1,5,12
1546,99296,107257,5060,4771,2,5,12
1547,76152,84958,5059,4767,1,4,12
1548,54779,64521,5058,4766,1,1,12
1549,37123,46441,5056,4764,2,2,12
1550,24306,32749,4961,5233,3,1,11
1551,224826,223619,4956,5232,5,1,11
1552,199737,197446,4953,5227,3,5,11
1553,174734,171068,4949,5226,4,1,11
1554,150246,144581,4947,5220,2,6,11
1555,125371,118760,4945,5217,2,3,11
1556,101015,93986,4944,5216,1,1,11
1557,78242,70949,4944,5215,0,1,11
1558,57172,50451,4943,5215,1,0,11
1559,39609,33825,4940,5215,3,0,11
1560,25971,21817,4972,5424,0,0,12
1561,225124,222458,4970,5421,2,3,12
1562,200306,195720,4968,5414,2,7,12
1563,175583,168458,4962,5411,6,3,12
1564,150704,141435,4961,5409,1,2,12
1565,125865,114509,4958,5409,3,0,12
1566,101613,88884,4956,5407,2,2,12
1567,78333,64787,4955,5406,1,1,12
1568,57222,43768,4954,5405,1,1,12
1569,39412,28181,4953,5405,1,0,12
1570,25499,17316,4983,5553,2,0,15
1571,225494,222355,4978,5549,5,4,15
1572,200810,194740,4974,5544,4,5,15
1573,176228,167304,4970,5539,4,5,15
1574,151630,139364,4968,5538,2,1,15
1575,126943,111966,4966,5533,2,5,15
1576,102537,85422,4963,5531,3,2,15
1577,79191,61541,4960,5530,3,1,15
1578,57691,41561,4954,5529,6,1,15
1579,39054,26625,4953,5528,1,1,15
1580,25087,16311,5071,5542,0,2,17
1581,224801,222445,5067,5534,4,9,17
1582,199223,195235,5062,5531,5,3,17
1583,174054,167262,5059,5527,3,4,17
1584,148525,139484,5055,5524,4,3,17
1585,123191,112395,5054,5519,1,5,17
1586,98426,86354,5052,5518,2,1,17
1587,75386,62218,5048,5515,4,3,17
1588,53542,41694,5048,5513,0,2,17
1589,36181,26225,5048,5511,0,2,17
1590,23623,15641,5036,5459,2,2,15
1591,224801,222987,5032,5456,4,3,15
1592,199922,196035,5029,5451,3,5,15
1593,174880,168562,5026,5451,3,0,15
1594,149574,141291,5021,5451,5,0,15
1595,124689,114273,5019,5447,2,4,15
1596,99738,87843,5017,5443,2,4,15
1597,76729,63690,5016,5441,1,2,15
1598,55729,42776,5015,5439,1,2,15
1599,37513,26650,5015,5439,0,0,15
1600,24381,15920,4971,5508,0,0,14
1601,224915,223048,4969,5505,2,3,14
1602,200233,195371,4967,5500,2,5,14
1603,175020,167577,4965,5497,2,3,14
1604,150164,140058,4963,5497,2,0,14
1605,125168,112840,4962,5495,1,2,14
1606,100790,86700,4962,5495,0,0,14
1607,78178,62348,4960,5493,2,2,14
1608,57533,42547,4960,5491,0,2,14
1609,39802,27824,4960,5490,0,1,14
1610,25692,17476,4982,5454,0,2,14
1611,225490,222617,4977,5451,5,3,14
1612,200721,195262,4975,5446,2,5,14
1613,176059,168148,4972,5444,3,2,14
1614,151320,141040,4970,5443,2,1,14
1615,126303,114084,4967,5443,3,0,14
1616,102457,88418,4965,5442,2,1,14
1617,79491,64865,4964,5440,1,2,14
1618,58024,44552,4963,5437,1,3,14
1619,39422,28978,4962,5437,1,0,14
1620,25363,17860,5075,5456,1,0,17
1621,225003,222369,5072,5454,3,2,17
1622,199502,195066,5066,5451,6,3,17
1623,174306,167395,5059,5448,7,3,17
1624,149193,140252,5053,5445,6,3,17
1625,124346,113305,5049,5443,4,2,17
1626,100054,87147,5045,5443,4,0,17
1627,77187,62688,5042,5440,3,3,17
1628,55574,41516,5037,5438,5,2,17
1629,37409,25440,5035,5436,2,2,17
1630,24985,15066,5019,5611,2,2,17
1631,224713,221745,5017,5603,2,8,17
1632,199783,193889,5015,5597,2,6,17
1633,174678,166227,5012,5593,3,4,17
1634,150046,138586,5008,5591,4,2,17
1635,124970,110918,5008,5588,0,3,17
1636,100600,84512,5005,5588,3,0,17
1637,77389,60147,5003,5588,2,0,17
1638,56256,39393,5002,5588,1,0,17
1639,37410,24097,5001,5587,1,1,17
1640,23532,13908,5108,5493,1,2,18
1641,224548,222708,5105,5489,3,4,18
1642,198925,195663,5103,5486,2,3,18
1643,173690,168241,5101,5482,2,4,18
1644,147888,140844,5096,5477,5,5,18
1645,122602,113917,5095,5472,1,5,18
1646,97915,87775,5091,5468,4,4,18
1647,74124,64231,5086,5465,5,3,18
1648,53531,43729,5084,5465,2,0,18
1649,36277,27966,5081,5462,3,3,18
1650,22832,17252,4977,5452,3,3,21
1651,225334,222841,4972,5451,6,1,21
1652,200559,195230,4966,5446,6,5,21
1653,175721,168133,4963,5439,3,8,21
1654,150681,141293,4959,5436,4,3,21
1655,125695,114496,4954,5436,5,0,21
1656,101716,88689,4949,5432,5,5,21
1657,77851,65397,4943,5428,6,4,21
1658,56198,45020,4938,5425,5,3,21
1659,37511,28559,4937,5422,1,3,21
1660,23742,17349,5152,5542,5,2,23
1661,224108,222024,5145,5535,7,7,23
1662,198530,194322,5137,5530,8,5,23
1663,172803,166477,5136,5525,1,5,23
1664,147028,139018,5132,5523,4,2,23
1665,121637,111377,5128,5521,4,2,23
1666,96360,85375,5126,5516,2,5,23
1667,72494,61392,5123,5512,3,4,23
1668,51434,40796,5123,5507,0,5,23
1669,34359,25207,5122,5502,1,5,23
1670,22279,14955,5073,5527,2,1,28
1671,224765,222158,5069,5522,4,5,28
1672,199404,194404,5063,5515,6,7,28
1673,174133,167018,5055,5507,8,8,28
1674,148956,139274,5049,5503,6,4,28
1675,123665,112156,5044,5495,5,8,28
1676,98474,85726,5041,5492,3,3,28
1677,75360,61082,5036,5481,5,11,28
1678,54107,40735,5030,5478,6,3,28
1679,36280,25612,5029,5474,1,4,28
1680,22714,15470,4985,5572,4,3,31
1681,225189,222141,4976,5564,9,8,31
1682,200035,193942,4966,5558,10,6,31
1683,174931,166201,4958,5552,8,6,31
1684,150136,138555,4953,5546,5,6,31
1685,125232,111757,4951,5542,2,4,31
1686,101162,85735,4948,5539,3,3,31
1687,78116,61883,4944,5535,4,4,31
1688,56869,42130,4941,5532,3,3,31
1689,38789,26527,4940,5527,1,5,31
1690,24107,15734,5111,5457,4,1,33
1691,224316,222924,5103,5448,8,9,33
1692,198477,195755,5094,5437,9,11,33
1693,172973,168907,5087,5428,7,9,33
1694,147439,142152,5082,5425,5,3,33
1695,121910,115619,5079,5420,3,5,33
1696,97479,89964,5076,5414,3,6,33
1697,74631,66055,5071,5413,5,1,33
1698,53540,45204,5066,5408,5,5,33
1699,35982,28777,5061,5405,5,3,33
1700,22817,17718,5009,5403,4,3,34
1701,225202,222948,5003,5394,6,9,34
1702,200210,195920,4993,5389,10,5,34
1703,174946,168965,4985,5384,8,5,34
1704,149825,142010,4981,5378,4,6,34
1705,124971,115151,4976,5372,5,6,34
1706,100190,89539,4972,5367,4,5,34
1707,77290,65402,4966,5363,6,4,34
1708,56644,44193,4963,5360,3,3,34
1709,39186,27968,4962,5355,1,5,34
1710,25771,16876,4976,5492,2,3,39
1711,225426,222734,4964,5485,12,7,39
1712,200909,194901,4955,5481,9,4,39
1713,176221,167456,4950,5469,5,12,39
1714,151454,139980,4940,5457,10,12,39
1715,126570,113064,4933,5450,7,7,39
1716,102100,87209,4930,5439,3,11,39
1717,78608,63056,4925,5434,5,5,39
1718,57254,41961,4921,5429,4,5,39
1719,39341,26098,4917,5423,4,7,39
1720,25083,15620,5030,5572,4,6,47
1721,224991,222234,5015,5560,15,13,47
1722,199849,194269,5003,5547,12,14,47
1723,174845,166469,4992,5535,11,12,47
1724,149910,138812,4980,5525,12,10,47
1725,124814,111956,4971,5515,9,10,47
1726,100705,85739,4968,5509,3,6,47
1727,77381,61296,4964,5501,4,8,47
1728,55980,39790,4961,5494,3,7,47
1729,37378,23914,4960,5485,1,9,47
1730,23842,13286,5066,5531,3,2,52
1731,224997,222528,5051,5518,15,13,52
1732,200085,194656,5041,5507,10,11,52
1733,175004,166666,5032,5494,9,13,52
1734,149825,139183,5016,5484,16,10,52
1735,125041,112371,5005,5476,11,8,52
1736,100348,86453,4997,5465,8,11,52
1737,76584,62677,4991,5456,6,10,52
1738,54696,42062,4985,5451,6,5,52
1739,36629,26949,4979,5445,6,6,52
1740,23663,16639,5009,5494,4,3,63
1741,225224,222620,4993,5477,16,19,63
1742,200546,194990,4983,5454,10,24,63
1743,175529,168158,4973,5443,10,11,63
1744,151056,140988,4963,5428,10,16,63
1745,126348,114192,4952,5412,11,17,63
1746,101882,88800,4944,5398,8,14,63
1747,78346,65324,4934,5391,11,7,63
1748,56853,45016,4928,5381,6,10,63
1749,39005,29896,4927,5371,1,10,63
1750,25263,19038,4952,5378,8,7,82
1751,225275,222816,4933,5355,20,23,82
1752,200413,196200,4913,5335,22,20,82
1753,175852,169145,4889,5320,25,15,82
1754,151133,142675,4871,5302,18,18,82
1755,126940,116437,4858,5288,13,14,82
1756,103252,90844,4843,5271,16,17,82
1757,81272,66768,4827,5256,16,15,82
1758,60015,46132,4819,5249,8,7,82
1759,41416,29598,4802,5238,18,11,82
1760,26663,18177,4927,5405,4,10,84
1761,224787,223089,4909,5391,18,15,84
1762,200251,196365,4890,5366,19,25,84
1763,175471,169408,4879,5337,13,30,84
1764,150890,142400,4867,5321,12,17,84
1765,126694,116021,4856,5303,11,18,84
1766,102752,90775,4838,5292,18,11,84
1767,79780,67210,4826,5284,12,8,84
1768,58651,46473,4816,5275,10,9,84
1769,40719,30426,4809,5266,7,9,84
1770,26700,19108,5051,5465,4,5,96
1771,224820,223140,5036,5440,15,25,96
1772,199364,195842,5013,5419,24,21,96
1773,174256,169082,4998,5394,15,25,96
1774,149131,141978,4979,5375,19,19,96
1775,124286,115523,4960,5355,19,21,96
1776,100005,89298,4948,5335,12,20,96
1777,77026,64766,4932,5323,17,12,96
1778,56564,43752,4917,5313,15,10,96
1779,38784,26581,4912,5302,5,11,96
1780,25626,16086,5014,5507,7,14,108
1781,224758,222608,4988,5484,28,24,108
1782,200316,194865,4969,5450,21,34,108
1783,175822,167890,4948,5431,23,21,108
1784,150985,140971,4933,5408,15,25,108
1785,125981,114299,4918,5389,15,19,108
1786,101926,88302,4902,5368,16,21,108
1787,79419,64638,4886,5352,16,16,108
1788,58636,43279,4877,5334,9,19,108
1789,40737,26345,4866,5324,11,10,108
1790,26306,15022,4950,5501,12,10,124
1791,225284,222582,4927,5467,24,35,124
1792,200994,195218,4896,5440,35,29,124
1793,176518,168350,4867,5404,29,37,124
1794,152224,141445,4850,5377,17,27,124
1795,128241,114991,4831,5353,19,26,124
1796,104600,89882,4812,5332,20,21,124
1797,81801,66060,4793,5315,20,17,124
1798,60763,44878,4774,5298,19,17,124
1799,42518,28193,4762,5282,12,16,124
1800,29007,17105,4913,5387,9,11,144
1801,225348,223201,4881,5354,34,33,144
1802,201042,195957,4851,5325,30,33,144
1803,177195,169247,4821,5295,32,30,144
1804,153599,142673,4799,5261,23,35,144
1805,129737,116591,4778,5236,21,25,144
1806,106392,91405,4756,5212,23,24,144
1807,84406,68176,4738,5197,18,16,144
1808,63305,47520,4722,5174,16,24,144
1809,44663,30937,4700,5162,22,13,144
1810,30043,18947,4783,5339,12,19,160
1811,225861,223793,4746,5306,38,35,160
1812,202072,197485,4711,5279,35,31,160
1813,178383,171131,4691,5243,20,40,160
1814,155190,144378,4664,5205,27,38,160
1815,131647,118770,4634,5168,30,37,160
1816,108275,93964,4613,5135,24,35,160
1817,86256,70661,4587,5106,26,30,160
1818,65747,50410,4562,5090,27,16,160
1819,48470,33554,4550,5074,12,16,160
1820,34210,21484,4808,5254,10,21,177
1821,226343,223808,4771,5213,42,44,177
1822,202408,197785,4740,5162,31,55,177
1823,178492,171558,4709,5125,33,38,177
1824,155621,146316,4677,5092,32,34,177
1825,132216,120996,4642,5058,35,35,177
1826,109198,96396,4620,5031,22,27,177
1827,86712,74055,4600,5009,20,24,177
1828,65993,54363,4578,4983,22,27,177
1829,47671,37355,4558,4964,20,19,177
1830,33129,24093,4769,5246,19,15,207
1831,226454,223329,4712,5194,59,54,207
1832,203070,197173,4671,5149,43,45,207
1833,179949,171636,4630,5098,41,52,207
1834,156789,146195,4589,5058,41,42,207
1835,133893,121031,4556,5023,35,36,207
1836,111803,96757,4528,4982,28,42,207
1837,90023,74440,4498,4948,31,37,207
1838,69781,54864,4467,4912,32,36,207
1839,51831,38154,4445,4880,22,32,207
1840,37367,25567,4696,5129,18,25,230
1841,226502,224423,4644,5084,54,48,230
1842,203079,198992,4604,5022,41,64,230
1843,180205,173761,4555,4981,51,43,230
1844,157463,149032,4520,4935,36,48,230
1845,134433,124337,4487,4893,34,46,230
1846,111950,100830,4459,4851,28,42,230
1847,90965,78750,4423,4815,39,38,230
1848,71167,57799,4402,4778,21,37,230
1849,52811,40132,4374,4756,29,22,230
1850,37239,26123,4702,5120,20,25,249
1851,226717,224295,4641,5057,61,68,249
1852,203300,198894,4588,4998,56,62,249
1853,180561,173794,4542,4945,46,54,249
1854,157826,149272,4495,4907,47,38,249
1855,135241,124543,4451,4864,47,47,249
1856,113352,101323,4420,4828,31,38,249
1857,92130,79415,4389,4796,31,34,249
1858,72196,59352,4358,4766,32,31,249
1859,54573,42283,4327,4736,32,32,249
1860,39758,28636,4619,5079,28,23,267
1861,226999,224952,4565,5020,58,62,267
1862,204677,200300,4502,4959,67,66,267
1863,182550,175157,4465,4911,40,50,267
1864,160398,150924,4427,4859,41,54,267
1865,138324,126852,4383,4821,44,39,267
1866,116933,103577,4342,4775,42,49,267
1867,96395,81683,4311,4733,31,43,267
1868,76690,61312,4285,4705,26,28,267
1869,58297,43078,4255,4678,31,27,267
1870,42435,28163,4595,5084,25,24,296
1871,227234,224975,4541,5021,56,65,296
1872,204384,199975,4488,4954,57,72,296
1873,181957,175251,4430,4896,61,64,296
1874,159747,151027,4371,4844,61,60,296
1875,138044,126627,4326,4794,45,53,296
1876,116951,103125,4280,4752,48,44,296
1877,96652,81210,4242,4719,38,35,296
1878,77085,60690,4205,4684,38,35,296
1879,59539,42983,4175,4648,33,38,296
1880,44570,29254,4482,5093,29,34,328
1881,228141,224852,4415,5012,72,86,328
1882,206343,199528,4348,4936,72,80,328
1883,184447,174857,4281,4884,71,57,328
1884,163149,150298,4228,4825,59,65,328
1885,142252,126484,4177,4770,51,56,328
1886,121319,103224,4123,4724,58,48,328
1887,101364,81439,4083,4679,46,47,328
1888,82024,61610,4051,4627,33,53,328
1889,64233,44472,4018,4583,34,46,328
1890,48729,31109,4462,4912,31,49,362
1891,227527,225405,4381,4832,86,85,362
1892,205466,201320,4301,4760,88,79,362
1893,183729,177961,4215,4696,92,65,362
1894,163044,154449,4165,4619,51,86,362
1895,142023,131489,4106,4565,63,58,362
1896,121543,108824,4057,4512,50,56,362
1897,101822,87610,4019,4457,39,60,362
1898,83091,68135,3989,4405,32,53,362
1899,65458,50950,3954,4362,36,49,362
1900,50189,36886,4257,4810,37,38,414
1901,228464,225788,4191,4719,73,99,414
1902,207074,201879,4113,4620,86,105,414
1903,186700,179083,4048,4533,67,94,414
1904,166284,156397,3975,4455,79,83,414
1905,146522,134547,3914,4389,67,73,414
1906,126967,113341,3849,4324,68,68,414
1907,108020,92950,3796,4265,53,63,414
1908,89979,74101,3760,4216,37,51,414
1909,73605,56850,3719,4171,43,47,414
1910,58878,42376,4112,4606,41,37,453
1911,229568,227161,4028,4521,90,96,453
1912,209034,204829,3947,4417,90,115,453
1913,188944,182686,3859,4340,93,88,453
1914,169844,160897,3788,4265,75,82,453
1915,150774,139570,3708,4189,82,80,453
1916,132167,118648,3639,4121,72,72,453
1917,114253,98719,3592,4063,52,61,453
1918,96836,80028,3539,4013,56,53,453
1919,80327,63218,3480,3971,62,43,453
1920,65634,48281,3973,4383,36,33,487
1921,230656,228022,3893,4274,87,123,487
1922,210973,206407,3805,4163,103,121,487
1923,191618,185614,3724,4061,84,110,487
1924,172772,165416,3649,3981,79,86,487
1925,154677,145566,3574,3911,79,77,487
1926,136438,126238,3513,3828,63,90,487
1927,119372,107954,3468,3765,46,68,487
1928,102734,90320,3419,3715,53,55,487
1929,87111,73780,3378,3665,41,54,487
1930,71997,58558,3826,4218,42,44,519
1931,230693,228662,3738,4114,98,121,519
1932,212183,208228,3642,4012,108,109,519
1933,193841,188086,3555,3927,95,91,519
1934,176057,168558,3465,3846,95,89,519
1935,158736,149500,3396,3771,72,80,519
1936,141925,130955,3340,3711,62,67,519
1937,125453,112864,3275,3629,68,87,519
1938,109420,95535,3211,3567,68,64,519
1939,94463,79107,3169,3516,46,57,519
1940,80233,64368,3579,4044,39,44,545
1941,232052,229764,3494,3952,99,102,545
1942,214706,209904,3402,3859,96,109,545
1943,197638,190642,3312,3769,99,98,545
1944,181248,171656,3241,3683,77,88,545
1945,164756,153208,3165,3605,81,86,545
1946,149009,135194,3084,3536,84,75,545
1947,133688,117818,3022,3468,67,73,545
1948,118821,101004,2975,3397,52,77,545
1949,104332,85266,2923,3341,53,64,545
1950,90469,70586,3398,3888,46,63,569
1951,232705,230332,3309,3781,93,122,569
1952,216101,211386,3223,3673,95,117,569
1953,199700,192719,3147,3570,83,118,569
1954,184233,175011,3062,3475,91,102,569
1955,168846,157841,2995,3396,73,87,569
1956,153712,141281,2929,3323,69,81,569
1957,138709,124792,2851,3258,85,70,569
1958,124492,109511,2800,3191,59,77,569
1959,110654,94699,2750,3128,55,67,569
1960,97416,80405,3211,3647,47,51,576
1961,234153,231620,3129,3538,88,120,576
1962,218617,213497,3040,3454,96,93,576
1963,203450,196388,2965,3373,82,87,576
1964,188714,179334,2887,3292,80,94,576
1965,174430,162842,2810,3214,82,80,576
1966,160249,146825,2736,3124,80,94,576
1967,146731,131325,2668,3064,69,67,576
1968,133244,116463,2613,3002,57,69,576
1969,120311,102109,2546,2948,68,57,576
1970,108020,88284,2957,3456,46,40,600
1971,235155,232437,2867,3369,100,100,600
1972,220926,215339,2789,3260,82,116,600
1973,206917,198887,2719,3165,74,110,600
1974,193555,182924,2649,3087,77,86,600
1975,180313,167493,2580,3007,76,85,600
1976,167619,152324,2517,2930,67,86,600
1977,155000,137728,2454,2854,68,84,600
1978,142649,123364,2397,2781,58,80,600
1979,130942,109761,2346,2724,54,62,600
1980,119455,97109,2731,3274,51,56,568
1981,236275,233768,2656,3184,82,106,568
1982,222670,217923,2576,3091,86,105,568
1983,209882,201981,2513,2999,66,99,568
1984,197287,187058,2454,2909,65,94,568
1985,184841,172516,2390,2844,68,71,568
1986,172789,158540,2328,2769,64,82,568
1987,160790,144631,2261,2693,67,84,568
1988,149589,131047,2208,2634,60,66,568
1989,138600,118249,2154,2578,57,58,568
1990,128260,105928,2461,2985,44,59,555
1991,237544,235020,2395,2899,73,96,555
1992,225339,220459,2328,2810,72,96,555
1993,213438,206357,2265,2735,71,78,555
1994,202120,192739,2205,2652,62,93,555
1995,191107,179444,2156,2591,51,62,555
1996,180142,166390,2096,2518,66,75,555
1997,169643,153842,2040,2454,58,65,555
1998,159189,141639,1981,2393,60,64,555
1999,149129,129657,1938,2332,43,65,555
2000,139196,118462,2335,2781,33,49,498
